,anger,anticipation,disgust,fear,joy,sadness,surprise,trust,negative,positive,score,
1,1,7,1,3,9,3,3,11,6,24,18,ikigai
2,0,0,1,0,0,0,0,0,1,0,-1,ikigai
3,3,14,1,2,9,3,1,13,6,22,16,ikigai
4,2,10,2,1,9,4,3,12,4,14,10,ikigai
5,1,0,0,0,1,1,1,3,2,6,4,ikigai
6,0,1,0,0,2,0,1,2,2,2,0,ikigai
7,0,0,0,0,1,0,0,2,0,2,2,ikigai
8,0,0,0,0,0,0,0,1,0,1,1,ikigai
9,0,2,0,0,3,0,0,5,0,3,3,ikigai
10,1,3,1,0,2,2,0,4,2,11,9,ikigai
11,1,2,1,0,1,0,1,1,2,3,1,ikigai
12,0,2,0,0,3,0,2,4,0,4,4,ikigai
13,1,14,1,4,15,5,2,13,4,27,23,ikigai
14,1,3,0,0,3,0,1,4,2,5,3,ikigai
15,0,6,0,1,8,1,3,7,1,15,14,ikigai
16,2,2,3,1,1,1,0,2,4,7,3,ikigai
17,1,4,0,2,3,2,2,4,2,6,4,ikigai
18,1,3,1,2,3,2,2,4,6,6,0,ikigai
19,3,14,1,3,14,8,8,15,8,26,18,ikigai
20,1,5,0,1,7,0,1,6,1,20,19,ikigai
21,0,1,0,0,1,0,1,2,0,2,2,ikigai
22,1,2,2,1,4,2,2,2,2,8,6,ikigai
23,0,6,0,2,3,0,2,2,2,6,4,ikigai
24,0,7,1,0,5,0,2,5,3,9,6,ikigai
25,0,0,0,0,0,0,0,0,0,1,1,ikigai
26,2,10,2,1,7,3,2,13,7,18,11,ikigai
27,0,0,0,0,0,0,0,0,0,2,2,ikigai
28,1,1,0,1,1,2,0,0,3,2,-1,ikigai
29,1,4,0,0,6,1,2,7,1,20,19,ikigai
30,0,0,0,0,1,0,0,3,1,7,6,ikigai
31,0,2,0,0,3,2,0,2,2,4,2,ikigai
32,0,4,0,0,5,0,1,5,0,7,7,ikigai
33,1,3,0,0,3,0,1,3,3,5,2,ikigai
34,0,2,0,0,6,0,2,5,1,10,9,ikigai
35,0,3,0,1,1,1,0,3,2,9,7,ikigai
36,1,0,1,0,1,0,0,1,1,3,2,ikigai
37,0,0,0,0,1,0,0,2,0,4,4,ikigai
38,2,2,1,3,7,1,0,4,2,16,14,ikigai
39,0,2,0,1,3,0,1,5,0,8,8,ikigai
40,3,2,3,0,2,1,1,4,3,4,1,ikigai
41,0,1,0,2,3,0,0,5,3,8,5,ikigai
42,0,2,1,1,3,1,2,5,1,6,5,ikigai
43,0,1,0,0,3,0,0,2,0,6,6,ikigai
44,0,2,0,0,2,0,1,4,1,8,7,ikigai
45,0,4,0,1,1,0,3,5,3,9,6,ikigai
46,1,2,0,1,3,1,0,2,3,5,2,ikigai
47,1,4,1,0,5,2,1,3,2,8,6,ikigai
48,0,1,0,0,1,0,0,2,0,4,4,ikigai
49,0,2,0,0,3,0,1,3,0,6,6,ikigai
50,0,0,1,0,2,0,0,3,1,3,2,ikigai
51,0,1,1,0,2,0,0,3,2,5,3,ikigai
52,1,0,2,1,0,1,0,0,2,0,-2,ikigai
53,2,4,2,0,3,2,1,4,2,5,3,ikigai
54,0,1,1,0,1,1,1,0,2,1,-1,ikigai
55,0,1,0,0,2,0,0,0,0,4,4,ikigai
56,0,1,0,0,2,0,0,2,1,2,1,ikigai
57,0,1,0,0,1,0,0,1,0,4,4,ikigai
58,0,3,0,0,1,0,0,1,0,3,3,ikigai
59,1,2,0,1,3,0,1,3,0,9,9,ikigai
60,0,0,1,1,0,0,0,1,1,1,0,ikigai
61,1,4,0,1,5,1,1,7,3,10,7,ikigai
62,1,2,1,2,2,1,3,3,1,3,2,ikigai
63,0,1,0,0,1,1,1,1,1,1,0,ikigai
64,2,2,1,2,1,1,0,2,3,5,2,ikigai
65,0,2,0,0,1,0,0,5,2,5,3,ikigai
66,0,1,0,0,3,0,1,3,0,6,6,ikigai
67,0,1,0,0,3,0,1,4,1,7,6,ikigai
68,0,0,0,0,0,0,0,1,2,4,2,ikigai
69,0,0,0,0,0,0,0,0,0,1,1,ikigai
70,0,0,0,0,0,0,0,0,1,2,1,ikigai
71,0,2,0,0,1,0,1,1,0,1,1,ikigai
72,1,3,0,0,2,0,0,3,1,5,4,ikigai
73,2,9,2,2,7,2,3,6,5,12,7,ikigai
74,0,6,0,0,2,0,2,5,0,7,7,ikigai
75,0,0,0,1,2,0,0,2,0,3,3,ikigai
76,0,3,0,0,3,0,1,3,1,6,5,ikigai
77,1,5,2,0,1,2,2,5,2,7,5,ikigai
78,1,5,0,1,4,2,2,2,2,6,4,ikigai
79,0,2,0,0,2,0,1,3,0,5,5,ikigai
80,0,2,0,0,0,0,0,2,0,4,4,ikigai
81,0,1,0,0,2,0,1,3,0,4,4,ikigai
82,0,4,0,0,2,1,0,4,1,5,4,ikigai
83,0,1,0,0,2,0,1,3,0,2,2,ikigai
84,2,2,1,2,2,2,1,1,2,5,3,ikigai
85,0,3,0,0,4,0,2,3,0,7,7,ikigai
86,1,4,0,3,1,0,0,5,2,7,5,ikigai
87,0,4,0,0,1,0,1,2,0,4,4,ikigai
88,0,0,0,0,0,0,0,0,0,1,1,ikigai
89,0,0,0,0,1,0,0,2,0,2,2,ikigai
90,1,0,1,0,1,1,0,1,2,3,1,ikigai
91,0,1,0,0,1,0,0,3,0,5,5,ikigai
92,0,2,0,0,2,0,1,5,1,5,4,ikigai
93,0,5,0,1,3,1,0,2,1,4,3,ikigai
94,0,2,0,0,2,0,0,3,0,5,5,ikigai
95,0,3,0,0,4,1,0,2,0,6,6,ikigai
96,0,2,0,0,3,0,1,3,0,6,6,ikigai
97,1,3,0,1,3,2,1,2,2,4,2,ikigai
98,1,0,0,1,2,1,2,4,2,5,3,ikigai
99,0,2,0,1,4,0,0,2,1,7,6,ikigai
100,1,0,1,0,2,1,0,3,1,3,2,ikigai
101,0,3,0,0,1,0,0,1,0,3,3,ikigai
102,0,0,0,0,0,1,0,0,1,0,-1,ikigai
103,0,2,0,0,3,0,1,5,0,8,8,ikigai
104,0,1,0,0,2,0,1,2,0,5,5,ikigai
105,0,1,0,0,1,0,1,3,0,4,4,ikigai
106,1,0,3,0,0,1,0,1,4,0,-4,ikigai
107,0,2,2,1,2,1,2,3,2,2,0,ikigai
108,0,1,0,1,2,0,1,1,0,3,3,ikigai
109,0,2,0,1,2,1,1,2,2,2,0,ikigai
110,0,3,0,1,3,0,0,4,0,6,6,ikigai
111,1,4,1,2,5,0,4,6,1,8,7,ikigai
112,0,0,0,0,0,0,0,0,1,2,1,ikigai
113,1,2,1,0,2,1,2,2,3,4,1,ikigai
114,1,2,1,0,3,1,2,3,2,12,10,ikigai
115,0,0,0,0,1,0,1,1,0,2,2,ikigai
116,0,0,0,0,1,1,1,2,1,5,4,ikigai
117,0,0,0,0,1,0,1,1,0,2,2,ikigai
118,0,0,0,0,0,0,0,0,1,1,0,ikigai
119,2,2,0,1,0,1,0,0,2,2,0,ikigai
120,0,1,0,0,1,0,1,2,0,2,2,ikigai
121,0,1,0,0,4,0,0,3,0,6,6,ikigai
122,0,3,0,2,1,0,1,4,0,2,2,ikigai
123,0,1,0,1,1,1,1,2,1,1,0,ikigai
124,0,2,0,1,2,2,1,3,2,4,2,ikigai
125,0,2,0,1,2,1,1,3,1,6,5,ikigai
126,0,2,0,0,2,0,1,2,0,8,8,ikigai
127,5,2,4,5,2,3,1,1,10,4,-6,ikigai
128,0,1,0,0,1,0,0,3,0,6,6,ikigai
129,0,0,1,0,2,0,0,2,2,2,0,ikigai
130,0,1,0,0,1,1,1,1,0,2,2,ikigai
131,1,0,0,0,0,1,0,1,1,4,3,ikigai
132,0,0,0,0,1,0,0,1,0,5,5,ikigai
133,0,1,0,0,2,0,1,3,0,3,3,ikigai
134,1,5,1,1,6,0,2,4,0,8,8,ikigai
135,1,1,1,0,0,1,0,1,2,3,1,ikigai
136,1,1,1,1,1,1,0,1,1,2,1,ikigai
137,0,4,0,0,2,0,1,3,0,5,5,ikigai
138,0,1,0,0,1,0,0,2,0,2,2,ikigai
139,0,2,0,1,1,0,1,1,0,5,5,ikigai
140,1,4,1,1,2,1,1,2,1,6,5,ikigai
141,0,0,0,0,2,0,0,2,0,2,2,ikigai
142,0,4,0,0,1,0,0,3,0,4,4,ikigai
143,0,1,1,0,1,0,1,2,2,1,-1,ikigai
144,0,4,0,0,4,0,1,6,0,8,8,ikigai
145,0,2,0,0,2,0,1,4,0,9,9,ikigai
146,1,2,1,1,1,2,0,2,3,3,0,ikigai
147,0,2,0,0,3,1,0,3,0,7,7,ikigai
148,0,2,0,0,2,0,0,3,0,4,4,ikigai
149,0,3,0,1,2,1,1,1,3,3,0,ikigai
150,0,0,0,0,1,0,0,1,1,4,3,ikigai
151,0,2,1,1,2,1,1,2,1,3,2,ikigai
152,0,0,0,0,2,1,1,1,1,3,2,ikigai
153,0,2,0,0,2,0,1,3,1,4,3,ikigai
154,0,0,0,0,0,0,0,0,1,2,1,ikigai
155,0,3,0,0,2,0,1,1,0,3,3,ikigai
156,0,4,0,0,2,0,2,4,0,4,4,ikigai
157,0,0,0,0,0,0,0,2,0,0,0,ikigai
158,0,1,0,0,1,0,1,1,0,1,1,ikigai
159,0,0,0,0,0,0,0,1,0,2,2,ikigai
160,0,0,0,2,5,1,1,3,1,8,7,ikigai
161,1,2,1,0,4,0,1,5,1,8,7,ikigai
162,0,2,0,0,1,0,0,1,0,2,2,ikigai
163,0,2,0,0,2,0,1,2,0,3,3,ikigai
164,0,3,0,0,4,0,1,3,0,8,8,ikigai
165,0,1,0,0,0,0,0,0,0,1,1,ikigai
166,1,2,0,1,2,2,1,2,3,5,2,ikigai
167,0,0,0,0,0,0,0,1,0,2,2,ikigai
168,0,0,1,0,0,0,0,0,1,0,-1,ikigai
169,0,1,1,0,1,1,0,1,1,2,1,ikigai
170,0,0,0,0,1,0,0,2,0,1,1,ikigai
171,1,3,0,1,2,1,2,3,3,4,1,ikigai
172,0,1,0,0,3,0,1,3,0,7,7,ikigai
173,0,1,0,2,0,1,0,1,1,1,0,ikigai
174,2,1,0,1,0,0,0,0,2,1,-1,ikigai
175,0,4,1,1,1,1,1,2,2,3,1,ikigai
176,0,1,0,1,2,0,1,2,1,2,1,ikigai
177,0,1,0,1,2,0,1,1,0,3,3,ikigai
178,1,3,0,1,5,0,2,5,1,6,5,ikigai
179,0,2,0,0,2,0,0,3,0,2,2,ikigai
180,0,3,0,0,1,0,1,1,1,3,2,ikigai
181,0,4,0,1,4,1,2,5,2,6,4,ikigai
182,0,3,0,0,3,0,1,2,0,5,5,ikigai
183,0,1,0,0,1,0,1,2,0,3,3,ikigai
184,1,4,1,0,3,1,2,4,1,7,6,ikigai
185,0,1,0,1,2,1,1,2,1,4,3,ikigai
186,0,0,0,0,0,0,0,1,1,2,1,ikigai
187,1,2,1,0,1,0,0,1,1,1,0,ikigai
188,0,2,0,0,2,0,1,2,0,2,2,ikigai
189,0,1,0,0,1,0,1,3,0,2,2,ikigai
190,0,2,0,0,3,0,0,3,0,7,7,ikigai
191,0,0,0,0,1,0,0,0,0,2,2,ikigai
192,0,0,0,0,1,0,0,2,0,2,2,ikigai
193,1,1,0,1,1,0,2,1,1,1,0,ikigai
194,0,2,0,0,1,0,0,1,0,3,3,ikigai
195,0,2,0,0,3,0,1,3,0,7,7,ikigai
196,0,0,0,0,0,0,0,1,0,1,1,ikigai
197,0,1,0,0,1,0,2,1,0,6,6,ikigai
198,1,3,1,2,2,0,1,4,0,5,5,ikigai
199,0,2,0,0,3,0,1,4,0,4,4,ikigai
200,0,1,0,0,1,0,0,0,0,2,2,ikigai
201,0,2,0,0,0,0,0,1,0,2,2,ikigai
202,0,5,0,0,2,0,0,4,0,4,4,ikigai
203,0,0,0,0,1,0,0,1,0,4,4,ikigai
204,1,2,1,0,1,2,1,4,1,6,5,ikigai
205,0,2,0,0,1,0,0,3,0,4,4,ikigai
206,0,1,0,0,1,0,0,2,0,1,1,ikigai
207,0,0,0,0,0,0,0,0,0,1,1,ikigai
208,0,0,0,0,1,1,1,2,1,2,1,ikigai
209,1,1,1,0,1,0,1,2,1,4,3,ikigai
210,0,3,0,0,1,0,1,1,0,2,2,ikigai
211,0,1,0,1,1,0,1,2,0,1,1,ikigai
212,0,1,0,1,3,1,0,3,1,3,2,ikigai
213,0,2,0,0,1,0,0,1,0,3,3,ikigai
214,0,1,0,0,1,0,1,1,0,1,1,ikigai
215,0,3,0,0,1,0,1,5,0,4,4,ikigai
216,0,2,0,0,1,0,0,1,0,3,3,ikigai
217,0,0,0,0,1,0,0,6,0,6,6,ikigai
218,0,0,0,0,2,0,1,1,0,2,2,ikigai
219,0,0,0,0,0,0,0,0,0,0,0,ikigai
220,0,3,0,0,3,0,1,2,0,5,5,ikigai
221,0,1,0,1,1,0,1,2,1,3,2,ikigai
222,0,2,0,0,2,1,0,4,1,4,3,ikigai
223,0,0,0,0,0,0,0,1,0,1,1,ikigai
224,0,2,0,0,1,0,1,0,0,2,2,ikigai
225,1,1,1,1,1,1,1,1,1,2,1,ikigai
226,0,1,0,0,3,1,0,4,1,5,4,ikigai
227,0,0,0,0,0,0,0,0,0,0,0,ikigai
228,2,3,1,1,2,1,1,3,1,5,4,ikigai
229,0,0,0,0,0,0,0,2,0,2,2,ikigai
230,0,1,0,0,1,0,1,1,0,2,2,ikigai
231,0,3,0,0,2,0,1,4,0,5,5,ikigai
232,0,0,1,0,0,0,1,2,1,0,-1,ikigai
233,0,0,0,0,1,0,0,1,0,2,2,ikigai
234,0,4,0,0,1,0,1,0,1,4,3,ikigai
235,0,2,0,0,3,0,1,3,0,5,5,ikigai
236,0,2,0,0,1,0,0,3,1,3,2,ikigai
237,0,1,0,0,1,0,0,1,0,2,2,ikigai
238,0,0,0,1,1,1,0,0,1,1,0,ikigai
239,0,0,0,0,1,1,1,4,1,4,3,ikigai
240,0,1,0,0,1,0,1,2,0,1,1,ikigai
241,0,2,0,0,1,0,1,1,0,1,1,ikigai
242,0,1,0,0,1,0,1,1,0,1,1,ikigai
243,0,0,0,0,0,0,0,0,0,0,0,ikigai
244,0,2,0,0,2,0,0,2,0,2,2,ikigai
245,0,1,0,0,2,0,1,1,0,3,3,ikigai
246,0,1,0,1,2,0,0,0,0,2,2,ikigai
247,0,0,0,0,0,0,0,0,1,1,0,ikigai
248,0,0,1,0,0,2,0,0,1,3,2,ikigai
249,0,1,0,0,1,0,1,1,1,4,3,ikigai
250,0,5,0,0,4,0,2,5,0,7,7,ikigai
251,0,6,1,0,3,0,2,3,0,4,4,ikigai
252,0,0,0,0,3,0,2,3,0,3,3,ikigai
253,0,1,0,0,1,0,1,3,0,3,3,ikigai
254,0,2,0,0,2,0,1,3,0,2,2,ikigai
255,0,2,0,0,1,0,1,1,0,1,1,ikigai
256,0,1,0,0,1,0,1,1,0,1,1,ikigai
257,0,0,0,0,1,1,0,1,1,3,2,ikigai
258,0,2,0,0,3,0,1,2,0,3,3,ikigai
259,0,1,0,0,0,0,0,0,0,0,0,ikigai
260,0,5,0,0,3,0,1,3,0,6,6,ikigai
261,0,0,0,0,1,0,0,2,1,1,0,ikigai
262,0,1,0,0,1,0,0,1,0,2,2,ikigai
263,0,1,0,0,1,0,1,1,0,2,2,ikigai
264,0,1,0,0,1,1,1,1,0,1,1,ikigai
265,0,1,0,1,1,0,1,1,0,1,1,ikigai
266,0,0,0,0,0,0,0,0,0,1,1,ikigai
267,0,0,0,0,0,0,0,0,0,0,0,ikigai
268,0,0,0,0,1,0,0,1,0,3,3,ikigai
269,0,0,0,0,0,0,0,0,0,1,1,ikigai
270,0,3,0,0,3,0,2,1,0,4,4,ikigai
271,0,1,0,0,1,0,0,1,0,3,3,ikigai
272,0,1,0,0,2,0,1,2,1,2,1,ikigai
273,0,1,0,0,1,0,1,2,0,5,5,ikigai
274,0,0,0,0,0,0,0,0,0,0,0,ikigai
275,0,0,0,0,0,0,0,1,0,2,2,ikigai
276,0,0,0,0,0,0,0,0,0,0,0,ikigai
277,1,3,1,0,3,1,1,3,1,4,3,ikigai
278,0,0,0,0,0,0,0,1,0,2,2,ikigai
279,0,2,0,0,3,0,1,2,0,6,6,ikigai
280,0,2,0,0,3,0,0,3,0,4,4,ikigai
281,0,1,0,0,2,0,2,2,1,3,2,ikigai
282,0,1,0,0,2,0,2,2,0,4,4,ikigai
283,1,1,0,0,1,0,1,1,1,1,0,ikigai
284,0,0,0,0,0,0,0,0,1,1,0,ikigai
285,0,1,0,0,1,0,0,2,1,1,0,ikigai
286,0,6,0,0,5,1,4,2,0,7,7,ikigai
287,0,1,0,0,2,0,2,2,1,2,1,ikigai
288,0,1,0,0,1,0,0,0,0,2,2,ikigai
289,0,0,0,0,0,1,0,1,1,1,0,ikigai
290,2,0,1,0,1,1,0,2,2,2,0,ikigai
291,0,0,0,0,0,1,0,3,1,2,1,ikigai
292,0,1,0,0,1,0,0,2,1,2,1,ikigai
293,0,2,0,1,2,1,2,3,1,6,5,ikigai
294,0,1,0,0,0,0,0,0,0,1,1,ikigai
295,0,1,0,0,2,0,1,2,0,4,4,ikigai
296,1,0,2,0,1,1,0,1,2,3,1,ikigai
297,0,2,0,0,2,0,0,2,0,4,4,ikigai
298,0,0,0,0,0,0,0,2,0,1,1,ikigai
299,0,1,0,0,1,0,0,2,0,2,2,ikigai
300,0,2,0,0,2,0,0,1,0,3,3,ikigai
301,0,1,0,1,0,2,0,0,2,0,-2,ikigai
302,0,0,0,0,0,0,0,0,0,1,1,ikigai
303,0,1,0,1,1,1,1,2,2,2,0,ikigai
304,0,1,0,0,1,0,0,1,0,2,2,ikigai
305,0,2,0,0,2,0,1,2,0,3,3,ikigai
306,0,2,0,1,1,1,1,2,1,3,2,ikigai
307,0,4,0,0,4,0,2,3,0,6,6,ikigai
308,0,3,0,0,1,0,1,2,0,2,2,ikigai
309,0,3,0,1,2,0,0,2,1,3,2,ikigai
310,0,0,0,0,0,0,0,0,0,1,1,ikigai
311,0,0,0,0,1,0,0,2,0,5,5,ikigai
312,0,0,0,0,1,0,1,1,0,1,1,ikigai
313,0,1,0,0,1,0,0,1,0,1,1,ikigai
314,0,1,0,1,1,0,0,1,0,4,4,ikigai
315,0,2,0,0,2,0,0,1,1,5,4,ikigai
316,0,2,0,1,2,0,0,0,0,2,2,ikigai
317,0,2,0,0,1,0,1,1,0,2,2,ikigai
318,0,1,0,0,1,0,0,1,0,2,2,ikigai
319,1,0,0,1,0,1,1,0,1,0,-1,ikigai
320,0,0,0,0,0,0,1,0,0,1,1,ikigai
321,0,2,0,0,0,1,0,2,2,3,1,ikigai
322,0,1,0,0,1,0,0,1,0,3,3,ikigai
323,0,3,2,2,4,5,2,5,3,6,3,ikigai
324,0,0,0,0,0,0,0,2,0,5,5,ikigai
325,0,1,0,0,1,0,1,1,0,5,5,ikigai
326,0,0,0,0,0,0,0,1,0,2,2,ikigai
327,0,2,0,0,3,0,1,3,0,5,5,ikigai
328,0,0,0,0,1,0,0,2,1,2,1,ikigai
329,0,3,0,0,2,1,2,2,1,3,2,ikigai
330,0,3,0,0,1,0,0,4,0,7,7,ikigai
331,0,1,0,0,1,0,0,1,0,2,2,ikigai
332,0,1,0,0,1,0,1,1,0,1,1,ikigai
333,0,1,0,0,1,0,1,1,0,2,2,ikigai
334,0,1,0,0,1,0,1,1,0,1,1,ikigai
335,1,2,1,0,1,0,1,1,1,3,2,ikigai
336,1,2,1,0,1,1,1,1,1,1,0,ikigai
337,0,1,0,1,2,0,0,2,1,4,3,ikigai
338,0,0,1,0,0,1,0,0,1,2,1,ikigai
339,0,3,0,0,0,0,1,2,0,3,3,ikigai
340,0,1,0,0,2,0,1,2,0,2,2,ikigai
341,0,1,0,0,1,0,1,1,0,1,1,ikigai
342,0,0,0,0,0,0,0,1,0,1,1,ikigai
343,0,0,0,0,0,0,0,0,0,0,0,ikigai
344,0,1,0,0,2,0,2,3,0,3,3,ikigai
345,0,1,0,0,1,0,1,2,0,2,2,ikigai
346,0,1,0,0,1,0,1,2,0,2,2,ikigai
347,0,2,0,0,1,0,0,1,1,2,1,ikigai
348,0,2,0,0,2,1,2,1,0,2,2,ikigai
349,0,0,0,0,2,0,0,4,1,4,3,ikigai
350,0,2,0,0,1,0,0,1,0,3,3,ikigai
351,0,1,0,0,1,0,0,0,1,3,2,ikigai
352,0,0,0,0,1,0,0,1,0,1,1,ikigai
353,0,1,1,1,2,1,1,1,2,3,1,ikigai
354,0,3,0,0,4,0,1,2,0,6,6,ikigai
355,0,3,0,0,2,0,1,2,0,3,3,ikigai
356,0,2,0,0,2,0,1,3,0,2,2,ikigai
357,0,1,1,0,0,0,0,0,1,0,-1,ikigai
358,0,0,0,0,0,0,0,1,0,1,1,ikigai
359,0,1,0,0,1,0,1,1,0,5,5,ikigai
360,0,0,0,0,0,0,0,0,0,1,1,ikigai
361,0,3,0,0,2,0,1,3,0,4,4,ikigai
362,0,1,0,1,2,1,1,1,1,2,1,ikigai
363,0,1,0,0,0,0,0,0,0,0,0,ikigai
364,0,1,0,0,1,0,0,1,0,1,1,ikigai
365,0,0,0,0,0,0,0,0,0,0,0,ikigai
366,1,0,1,0,0,1,0,1,2,0,-2,ikigai
367,0,0,0,0,1,0,0,1,0,3,3,ikigai
368,0,0,1,0,0,0,0,0,1,0,-1,ikigai
369,0,0,0,0,0,0,0,0,0,1,1,ikigai
370,0,2,0,0,0,0,0,1,1,2,1,ikigai
371,1,2,0,1,1,0,0,0,2,3,1,ikigai
372,0,1,0,0,0,0,0,0,0,1,1,ikigai
373,0,2,0,0,1,0,1,3,0,4,4,ikigai
374,0,1,1,0,1,0,1,1,1,2,1,ikigai
375,0,0,0,0,0,0,0,1,0,1,1,ikigai
376,0,0,0,0,1,0,0,2,0,1,1,ikigai
377,0,1,0,0,0,0,0,0,0,0,0,ikigai
378,0,1,0,1,2,0,0,2,0,3,3,ikigai
379,0,1,0,2,2,0,0,2,0,4,4,ikigai
380,0,0,0,0,0,1,1,2,1,2,1,ikigai
381,0,0,0,0,0,0,0,1,0,2,2,ikigai
382,0,2,0,0,3,0,1,2,0,3,3,ikigai
383,0,2,0,0,1,0,1,1,1,3,2,ikigai
384,0,0,0,0,0,0,0,0,0,1,1,ikigai
385,0,0,0,0,0,0,0,0,0,1,1,ikigai
386,0,0,0,0,3,0,0,2,0,4,4,ikigai
387,1,2,1,0,1,0,1,1,1,2,1,ikigai
388,0,2,0,0,1,0,1,1,0,2,2,ikigai
389,0,0,0,0,0,0,1,1,0,0,0,ikigai
390,0,0,0,0,0,0,0,1,0,1,1,ikigai
391,1,0,0,0,0,0,0,2,1,4,3,ikigai
392,0,1,0,0,1,0,0,1,0,1,1,ikigai
393,0,1,0,0,1,0,1,1,0,2,2,ikigai
394,0,0,0,0,0,0,0,2,0,2,2,ikigai
395,0,2,0,0,0,0,1,0,0,1,1,ikigai
396,0,0,0,0,0,0,0,1,0,0,0,ikigai
397,0,0,0,0,0,0,0,0,0,3,3,ikigai
398,0,0,0,0,0,0,0,0,0,1,1,ikigai
399,0,0,0,0,1,0,0,1,0,2,2,ikigai
400,0,0,0,0,0,0,0,0,0,0,0,ikigai
401,0,1,0,0,1,0,0,1,0,1,1,ikigai
402,0,1,0,0,1,0,1,1,0,1,1,ikigai
403,0,0,0,1,0,0,0,1,0,3,3,ikigai
404,0,1,0,0,1,0,1,1,0,1,1,ikigai
405,0,2,0,0,3,0,1,4,0,4,4,ikigai
406,0,1,0,2,1,0,0,0,0,1,1,ikigai
407,0,1,0,0,1,0,0,1,0,2,2,ikigai
408,1,1,1,1,1,1,1,1,1,1,0,ikigai
409,0,1,0,0,1,0,1,1,0,1,1,ikigai
410,0,1,0,1,0,0,0,1,0,2,2,ikigai
411,0,1,0,0,0,0,0,2,0,3,3,ikigai
412,0,1,0,0,2,0,1,2,1,3,2,ikigai
413,0,1,0,0,1,0,1,1,0,2,2,ikigai
414,1,2,1,2,2,1,0,1,1,3,2,ikigai
415,0,0,0,0,0,0,1,1,0,2,2,ikigai
416,0,0,0,0,0,0,1,0,0,1,1,ikigai
417,0,1,0,0,1,0,0,2,0,3,3,ikigai
418,0,1,0,0,2,0,1,3,0,3,3,ikigai
419,0,1,0,0,1,0,0,1,0,2,2,ikigai
420,0,1,0,1,1,1,1,2,1,1,0,ikigai
421,0,1,0,1,1,1,0,2,1,3,2,ikigai
422,0,0,0,0,0,0,0,1,0,0,0,ikigai
423,1,1,0,0,1,0,1,2,1,3,2,ikigai
424,0,1,0,0,1,0,1,1,0,3,3,ikigai
425,0,1,0,0,0,0,1,2,0,2,2,ikigai
426,0,1,0,0,0,0,0,1,0,1,1,ikigai
427,1,0,1,0,0,1,0,0,1,1,0,ikigai
428,0,1,0,0,1,0,0,1,0,3,3,ikigai
429,0,0,0,0,0,0,0,0,0,3,3,ikigai
430,1,1,1,1,1,1,1,3,1,3,2,ikigai
431,0,2,0,0,1,0,0,1,0,3,3,ikigai
432,0,0,0,0,0,0,0,0,0,1,1,ikigai
433,0,2,0,0,2,0,0,3,0,4,4,ikigai
434,0,2,0,0,3,0,2,3,1,4,3,ikigai
435,0,1,0,0,2,0,0,2,0,5,5,ikigai
436,0,0,0,0,0,0,0,0,0,0,0,ikigai
437,0,0,0,0,0,0,0,0,0,0,0,ikigai
438,0,1,0,0,1,0,1,1,1,3,2,ikigai
439,0,0,0,0,2,0,0,1,0,2,2,ikigai
440,0,1,0,0,0,0,0,0,0,2,2,ikigai
441,0,2,0,0,2,0,1,2,0,4,4,ikigai
442,0,5,0,0,3,1,2,2,0,3,3,ikigai
443,0,2,0,0,1,0,1,2,0,2,2,ikigai
444,0,0,0,0,1,0,0,0,0,1,1,ikigai
445,1,1,2,0,0,0,0,1,2,1,-1,ikigai
446,0,2,0,0,1,0,2,2,0,4,4,ikigai
447,0,0,0,0,0,0,0,0,0,0,0,ikigai
448,0,3,0,0,3,1,3,1,0,4,4,ikigai
449,1,1,1,0,1,0,1,2,1,2,1,ikigai
450,0,0,0,0,0,0,0,2,0,2,2,ikigai
451,0,1,0,0,1,0,0,0,0,2,2,ikigai
452,0,2,0,0,1,0,0,1,0,2,2,ikigai
453,0,0,0,0,0,0,0,2,0,2,2,ikigai
454,0,0,0,0,0,0,0,0,0,0,0,ikigai
455,0,0,0,0,1,0,0,0,0,1,1,ikigai
456,0,1,0,0,1,0,1,2,0,2,2,ikigai
457,0,1,0,0,1,0,1,1,0,1,1,ikigai
458,0,1,0,0,0,0,0,0,0,2,2,ikigai
459,0,2,0,0,2,0,0,2,0,3,3,ikigai
460,0,0,0,0,0,0,0,1,1,2,1,ikigai
461,0,2,0,0,3,0,1,4,0,5,5,ikigai
462,0,1,0,0,2,0,0,3,0,4,4,ikigai
463,0,1,0,0,1,0,0,1,0,2,2,ikigai
464,0,2,0,0,3,0,1,3,0,5,5,ikigai
465,0,0,0,0,0,0,0,0,0,0,0,ikigai
466,0,0,0,0,1,0,0,2,1,3,2,ikigai
467,0,0,0,0,0,0,0,0,0,0,0,ikigai
468,0,1,0,0,2,0,1,1,0,5,5,ikigai
469,0,0,0,0,1,0,0,1,0,2,2,ikigai
470,0,2,0,0,2,0,1,0,0,3,3,ikigai
471,1,0,1,0,1,1,0,1,1,1,0,ikigai
472,1,2,0,0,3,0,2,3,0,4,4,ikigai
473,0,1,0,0,0,0,0,0,0,2,2,ikigai
474,0,0,0,0,1,0,0,1,0,4,4,ikigai
475,0,2,0,0,1,0,0,2,0,4,4,ikigai
476,0,0,0,0,1,0,0,0,0,2,2,ikigai
477,0,0,0,0,0,0,0,0,1,0,-1,ikigai
478,1,1,1,0,1,0,0,1,1,2,1,ikigai
479,0,1,0,0,2,0,1,3,0,4,4,ikigai
480,0,0,0,0,0,0,0,0,0,0,0,ikigai
481,0,2,0,1,1,0,0,3,1,2,1,ikigai
482,1,2,2,2,2,3,2,2,3,2,-1,ikigai
483,1,1,1,1,1,0,0,1,0,1,1,ikigai
484,0,1,0,0,1,0,1,0,1,4,3,ikigai
485,0,1,0,1,1,0,1,1,0,1,1,ikigai
486,1,0,0,1,0,0,0,1,1,1,0,ikigai
487,0,0,0,1,0,1,0,2,1,1,0,ikigai
488,1,1,0,1,1,1,0,1,2,2,0,ikigai
489,0,1,0,0,1,0,1,1,0,1,1,ikigai
490,0,0,0,1,0,0,0,0,0,2,2,ikigai
491,0,1,0,0,2,0,1,3,0,3,3,ikigai
492,0,0,0,0,1,0,0,1,1,1,0,ikigai
493,0,1,0,0,2,0,0,1,0,2,2,ikigai
494,0,0,0,0,2,0,0,3,0,3,3,ikigai
495,0,0,0,0,0,0,0,0,0,2,2,ikigai
496,0,2,0,0,2,0,1,2,2,4,2,ikigai
497,0,0,0,0,1,0,0,1,0,2,2,ikigai
498,0,0,0,0,0,0,0,2,0,2,2,ikigai
499,0,2,0,0,1,0,1,1,0,2,2,ikigai
500,0,1,0,0,1,1,1,1,0,2,2,ikigai
501,2,2,0,1,1,1,0,2,1,4,3,ikigai
502,0,1,0,0,1,0,1,1,0,2,2,ikigai
503,0,0,0,0,0,0,0,0,0,0,0,ikigai
504,0,0,0,0,0,0,0,0,0,0,0,ikigai
505,0,0,0,0,0,0,0,0,0,2,2,ikigai
506,0,1,0,0,2,0,0,2,0,3,3,ikigai
507,0,0,0,0,1,0,0,1,0,2,2,ikigai
508,0,0,0,0,0,0,0,0,0,0,0,ikigai
509,0,0,0,0,1,0,0,0,0,4,4,ikigai
510,0,1,0,0,1,0,0,1,0,2,2,ikigai
511,0,1,0,0,1,0,1,2,1,1,0,ikigai
512,0,2,0,0,1,0,0,0,0,3,3,ikigai
513,0,1,0,1,0,0,0,0,0,0,0,ikigai
514,0,1,0,0,1,0,1,1,0,1,1,ikigai
515,0,0,1,0,0,1,0,0,1,1,0,ikigai
516,0,1,0,0,2,0,0,1,0,2,2,ikigai
517,0,0,0,0,0,0,0,1,0,1,1,ikigai
518,0,2,0,0,1,0,1,2,0,3,3,ikigai
519,0,0,0,0,1,0,0,1,0,2,2,ikigai
520,0,2,0,0,2,0,1,3,0,4,4,ikigai
521,0,2,0,0,3,0,0,3,1,4,3,ikigai
522,0,1,0,0,1,0,0,1,0,1,1,ikigai
523,0,1,0,0,0,0,0,0,0,1,1,ikigai
524,0,1,0,0,0,0,0,0,0,2,2,ikigai
525,0,3,0,0,3,0,0,3,0,5,5,ikigai
526,0,1,0,0,1,0,0,1,0,1,1,ikigai
527,0,1,0,0,1,0,1,1,0,3,3,ikigai
528,1,0,1,1,0,1,0,0,1,0,-1,ikigai
529,0,0,0,0,0,0,0,3,0,3,3,ikigai
530,0,1,0,0,1,0,1,1,0,1,1,ikigai
531,0,1,0,0,3,0,1,2,0,3,3,ikigai
532,0,0,0,0,0,0,0,0,0,0,0,ikigai
533,0,1,0,0,1,0,1,2,0,5,5,ikigai
534,0,2,0,0,1,0,0,1,0,1,1,ikigai
535,0,2,0,0,2,0,1,4,0,4,4,ikigai
536,0,3,0,0,2,0,1,2,0,3,3,ikigai
537,0,0,0,0,0,0,0,0,0,1,1,ikigai
538,0,2,0,0,2,0,2,2,0,4,4,ikigai
539,0,0,0,0,0,0,0,0,0,0,0,ikigai
540,1,2,0,1,2,1,1,2,1,2,1,ikigai
541,0,0,0,0,1,0,0,0,0,3,3,ikigai
542,1,1,1,0,1,0,1,1,1,1,0,ikigai
543,0,0,0,0,1,0,0,1,0,2,2,ikigai
544,0,1,0,0,0,0,0,0,0,3,3,ikigai
545,1,1,2,0,0,1,0,0,2,0,-2,ikigai
546,0,2,0,0,2,0,2,3,0,5,5,ikigai
547,0,1,0,0,2,0,1,2,0,3,3,ikigai
548,0,0,0,0,1,0,0,1,0,1,1,ikigai
549,0,1,0,0,1,0,1,1,0,1,1,ikigai
550,0,1,0,0,0,1,0,1,1,0,-1,ikigai
551,0,2,0,1,1,1,0,1,1,2,1,ikigai
552,0,1,0,0,2,0,0,2,0,3,3,ikigai
553,0,0,0,0,0,0,0,3,0,3,3,ikigai
554,1,3,1,0,2,1,1,2,1,2,1,ikigai
555,1,1,1,1,1,2,1,1,2,1,-1,ikigai
556,0,1,0,0,1,0,1,1,0,1,1,ikigai
557,0,0,0,0,1,0,1,1,0,1,1,ikigai
558,0,1,0,0,2,0,1,2,0,2,2,ikigai
559,0,0,0,0,0,0,0,0,0,1,1,ikigai
560,0,1,0,0,2,0,0,2,0,2,2,ikigai
561,0,1,0,0,2,0,1,0,0,2,2,ikigai
562,0,2,0,0,1,0,2,1,1,1,0,ikigai
563,0,0,0,0,0,0,0,0,0,1,1,ikigai
564,0,2,0,0,1,0,1,1,0,2,2,ikigai
565,0,0,0,0,0,0,0,0,0,0,0,ikigai
566,0,0,0,0,0,0,0,0,0,0,0,ikigai
567,0,0,0,0,0,0,0,0,0,0,0,ikigai
568,0,0,0,0,0,0,0,1,0,1,1,ikigai
569,0,2,0,0,3,0,1,3,0,5,5,ikigai
570,0,0,0,0,0,0,0,0,0,0,0,ikigai
571,0,1,0,0,1,0,1,1,0,1,1,ikigai
572,1,0,1,0,0,2,0,0,3,2,-1,ikigai
573,0,1,0,0,0,0,0,1,0,1,1,ikigai
574,0,1,0,1,1,0,1,1,1,2,1,ikigai
575,0,2,0,0,2,0,0,3,0,4,4,ikigai
576,0,0,0,0,0,0,0,0,0,0,0,ikigai
577,0,0,0,0,0,0,0,0,0,1,1,ikigai
578,0,0,0,0,0,0,0,0,0,0,0,ikigai
579,0,0,0,0,0,0,0,1,0,1,1,ikigai
580,0,0,0,0,1,0,0,1,2,2,0,ikigai
581,0,0,0,0,1,0,0,1,0,2,2,ikigai
582,0,0,0,0,0,1,0,0,2,0,-2,ikigai
583,0,0,0,0,0,0,0,0,0,0,0,ikigai
584,1,1,0,0,0,1,0,0,1,2,1,ikigai
585,0,0,0,0,0,0,0,0,0,1,1,ikigai
586,0,2,0,1,2,0,0,0,0,4,4,ikigai
587,1,3,2,0,3,0,2,2,1,3,2,ikigai
588,0,0,0,0,0,0,0,0,0,0,0,ikigai
589,0,1,0,0,0,0,0,1,0,4,4,ikigai
590,0,0,0,0,0,0,0,0,0,0,0,ikigai
591,0,1,0,0,1,0,0,1,0,1,1,ikigai
592,0,1,0,0,2,0,0,2,0,4,4,ikigai
593,0,0,0,0,1,0,1,1,0,2,2,ikigai
594,0,0,0,0,1,0,1,3,0,3,3,ikigai
595,1,1,1,1,1,0,1,1,0,2,2,ikigai
596,0,0,0,0,1,0,1,1,0,2,2,ikigai
597,0,0,0,0,0,0,0,0,0,0,0,ikigai
598,0,0,0,0,0,0,0,0,0,0,0,ikigai
599,0,0,0,0,0,0,0,3,1,3,2,ikigai
600,0,1,0,0,1,0,1,2,0,2,2,ikigai
601,0,3,0,0,2,0,0,3,0,2,2,ikigai
602,0,0,0,0,0,0,0,0,0,0,0,ikigai
603,1,2,1,1,1,0,1,2,1,3,2,ikigai
604,0,2,0,0,2,0,0,2,0,4,4,ikigai
605,0,1,0,0,1,1,1,1,2,1,-1,ikigai
606,0,1,0,0,1,0,1,1,0,1,1,ikigai
607,0,1,1,0,1,0,1,2,0,2,2,ikigai
608,0,0,0,0,1,0,0,1,0,1,1,ikigai
609,0,0,0,0,0,0,0,0,0,0,0,ikigai
610,0,1,0,0,0,0,0,0,0,0,0,ikigai
611,0,0,0,0,0,0,0,0,0,0,0,ikigai
612,0,1,0,0,1,0,1,1,0,1,1,ikigai
613,1,0,1,0,1,0,0,0,1,1,0,ikigai
614,0,1,0,1,0,0,0,0,0,1,1,ikigai
615,0,0,0,0,0,0,0,0,0,0,0,ikigai
616,0,1,0,0,1,0,0,2,0,2,2,ikigai
617,0,1,0,0,1,0,1,1,0,2,2,ikigai
618,1,2,0,1,0,0,1,1,2,1,-1,ikigai
619,0,1,0,0,1,0,1,1,0,1,1,ikigai
620,0,2,0,0,1,0,1,1,0,2,2,ikigai
621,0,1,0,0,1,0,1,1,0,1,1,ikigai
622,0,0,0,0,0,0,0,0,0,1,1,ikigai
623,0,1,0,0,2,0,0,2,0,4,4,ikigai
624,0,0,0,0,0,0,0,0,0,1,1,ikigai
625,0,2,0,0,1,0,0,1,0,2,2,ikigai
626,0,1,0,0,1,0,1,1,0,2,2,ikigai
627,0,1,0,1,2,0,0,0,0,4,4,ikigai
628,0,0,0,0,0,0,0,0,0,0,0,ikigai
629,1,3,1,0,2,1,2,3,2,4,2,ikigai
630,0,0,1,0,0,1,0,0,0,2,2,ikigai
631,0,2,0,0,2,0,0,4,0,4,4,ikigai
632,0,0,0,0,0,0,0,0,0,0,0,ikigai
633,0,0,0,0,0,0,0,1,0,1,1,ikigai
634,0,0,0,0,0,0,0,0,0,0,0,ikigai
635,0,0,0,0,0,0,0,0,0,0,0,ikigai
636,0,0,0,0,1,0,0,0,0,1,1,ikigai
637,0,2,0,0,2,0,1,2,0,3,3,ikigai
638,0,0,0,0,1,0,1,1,0,1,1,ikigai
639,0,2,0,0,1,0,1,2,0,2,2,ikigai
640,1,2,0,0,3,0,2,2,1,5,4,ikigai
641,0,2,0,0,1,0,2,1,0,3,3,ikigai
642,0,0,0,0,0,0,0,0,0,0,0,ikigai
643,0,0,0,0,0,0,0,0,0,0,0,ikigai
644,0,0,0,0,0,0,0,0,0,0,0,ikigai
645,0,1,0,0,1,0,0,0,0,1,1,ikigai
646,0,0,0,0,0,0,0,2,0,1,1,ikigai
647,0,0,0,0,1,0,0,1,0,1,1,ikigai
648,0,0,0,0,0,0,0,1,1,0,-1,ikigai
649,0,0,0,0,0,0,0,0,0,1,1,ikigai
650,0,2,0,0,3,0,1,2,0,5,5,ikigai
651,0,1,0,0,2,0,1,1,0,2,2,ikigai
652,0,3,0,0,2,0,1,3,0,3,3,ikigai
653,0,1,0,0,0,0,0,0,0,3,3,ikigai
654,0,0,0,0,0,0,0,0,0,1,1,ikigai
655,0,1,0,0,0,0,0,1,0,1,1,ikigai
656,0,1,0,0,1,0,0,1,0,2,2,ikigai
657,0,1,0,0,1,0,1,1,0,1,1,ikigai
658,0,0,0,0,1,0,1,0,0,1,1,ikigai
659,0,2,1,1,1,1,1,1,1,4,3,ikigai
660,0,1,0,0,1,0,1,1,0,1,1,ikigai
661,1,1,1,1,1,0,0,1,0,1,1,ikigai
662,0,1,0,0,1,0,1,1,0,1,1,ikigai
663,0,0,0,0,0,0,0,0,0,0,0,ikigai
664,0,1,0,0,1,0,1,0,0,3,3,ikigai
665,0,1,0,0,2,0,0,1,0,4,4,ikigai
666,0,2,0,0,1,0,0,1,0,3,3,ikigai
667,0,1,0,0,1,0,0,2,0,5,5,ikigai
668,0,0,0,0,0,0,0,0,0,0,0,ikigai
669,0,0,0,0,0,0,0,1,1,2,1,ikigai
670,1,1,0,0,1,1,1,1,1,1,0,ikigai
671,0,1,0,0,1,0,0,1,0,3,3,ikigai
672,0,0,0,1,0,2,0,2,3,1,-2,ikigai
673,0,2,0,0,3,0,1,3,0,4,4,ikigai
674,0,1,0,0,1,0,0,1,0,1,1,ikigai
675,0,2,0,0,1,0,1,1,0,2,2,ikigai
676,0,0,0,0,0,0,0,0,0,0,0,ikigai
677,0,0,0,0,0,0,0,0,0,0,0,ikigai
678,0,2,0,0,1,0,0,2,0,4,4,ikigai
679,0,2,0,0,1,0,1,0,0,1,1,ikigai
680,0,2,0,0,1,0,0,1,0,1,1,ikigai
681,0,1,0,0,1,0,1,1,0,2,2,ikigai
682,0,2,0,0,2,0,0,2,0,3,3,ikigai
683,0,0,0,0,1,0,0,1,0,1,1,ikigai
684,0,1,0,0,2,0,0,1,0,2,2,ikigai
685,0,0,0,0,0,0,0,1,0,1,1,ikigai
686,0,1,0,0,1,0,1,1,0,1,1,ikigai
687,1,0,0,0,1,1,0,0,2,1,-1,ikigai
688,0,0,0,0,0,1,0,0,2,0,-2,ikigai
689,0,0,0,0,0,0,0,0,0,1,1,ikigai
690,0,0,0,1,0,0,0,0,0,1,1,ikigai
691,0,0,0,0,0,0,0,2,0,2,2,ikigai
692,0,1,0,0,1,0,1,1,0,1,1,ikigai
693,0,0,0,0,1,0,1,1,0,1,1,ikigai
694,0,0,0,0,0,0,0,0,0,0,0,ikigai
695,0,0,0,0,1,0,0,1,0,2,2,ikigai
696,0,0,0,0,0,0,0,0,0,0,0,ikigai
697,0,3,0,0,2,0,0,2,0,4,4,ikigai
698,0,1,0,0,1,0,1,2,0,3,3,ikigai
699,0,0,0,0,0,0,0,0,0,1,1,ikigai
700,0,0,0,0,0,0,0,0,0,1,1,ikigai
701,0,0,0,0,0,0,0,0,0,0,0,ikigai
702,0,1,0,0,1,0,1,1,0,1,1,ikigai
703,0,1,0,1,0,0,1,0,0,1,1,ikigai
704,0,0,0,0,0,0,0,0,0,0,0,ikigai
705,0,0,0,0,0,0,0,0,0,2,2,ikigai
706,0,0,0,0,0,0,0,0,0,0,0,ikigai
707,0,0,0,0,0,0,0,0,0,0,0,ikigai
708,0,0,0,0,1,0,0,1,0,2,2,ikigai
709,0,2,0,0,1,0,1,2,0,3,3,ikigai
710,0,0,0,0,0,0,0,0,0,1,1,ikigai
711,0,0,0,0,0,1,0,0,1,0,-1,ikigai
712,0,0,0,0,0,0,0,0,1,0,-1,ikigai
713,0,0,0,0,0,0,0,1,0,1,1,ikigai
714,0,1,0,0,1,0,0,1,0,2,2,ikigai
715,0,1,0,0,1,0,1,1,0,1,1,ikigai
716,0,2,0,0,3,0,1,1,0,3,3,ikigai
717,0,0,0,0,1,0,1,0,0,1,1,ikigai
718,0,0,0,0,2,0,0,2,1,3,2,ikigai
719,0,0,0,0,0,0,0,0,0,1,1,ikigai
720,0,0,0,0,1,0,0,0,0,1,1,ikigai
721,0,0,0,0,0,0,0,1,0,1,1,ikigai
722,0,1,0,0,1,0,1,1,0,1,1,ikigai
723,0,2,0,0,2,0,1,2,0,2,2,ikigai
724,0,0,0,0,0,0,0,0,0,0,0,ikigai
725,0,2,0,0,2,0,1,1,0,2,2,ikigai
726,0,3,0,0,3,0,0,3,0,3,3,ikigai
727,0,0,1,0,0,1,0,0,0,2,2,ikigai
728,0,1,0,0,1,0,1,1,0,1,1,ikigai
729,0,1,0,0,2,0,1,1,0,2,2,ikigai
730,0,1,0,0,1,0,0,1,0,2,2,ikigai
731,0,0,0,0,1,0,0,0,0,1,1,ikigai
732,0,1,0,0,1,0,0,1,0,2,2,ikigai
733,0,2,0,0,1,0,1,1,0,2,2,ikigai
734,0,1,0,0,1,0,0,1,0,1,1,ikigai
735,0,0,0,1,0,0,0,0,0,1,1,ikigai
736,0,0,0,0,0,0,0,0,0,0,0,ikigai
737,0,1,0,1,0,0,0,0,1,1,0,ikigai
738,0,0,0,0,0,0,0,0,0,0,0,ikigai
739,0,1,0,0,1,0,0,1,0,3,3,ikigai
740,1,0,1,1,0,1,0,1,1,1,0,ikigai
741,0,2,0,0,1,0,0,2,0,3,3,ikigai
742,0,1,0,0,1,0,0,2,0,1,1,ikigai
743,0,1,0,0,1,0,0,0,0,1,1,ikigai
744,0,0,0,0,0,0,0,0,0,2,2,ikigai
745,0,2,0,0,0,0,0,1,0,2,2,ikigai
746,0,1,0,0,1,0,1,1,0,3,3,ikigai
747,0,0,0,0,0,0,0,0,0,2,2,ikigai
748,0,1,0,0,2,0,0,1,0,5,5,ikigai
749,0,2,0,0,2,0,1,3,0,3,3,ikigai
750,0,0,0,0,0,0,0,0,0,0,0,ikigai
751,0,0,0,0,0,0,0,0,0,0,0,ikigai
752,0,0,0,0,0,0,0,0,0,0,0,ikigai
753,0,1,0,0,1,0,1,1,0,2,2,ikigai
754,0,1,0,0,2,0,1,1,0,2,2,ikigai
755,0,0,0,0,0,0,0,1,0,2,2,ikigai
756,0,0,0,0,0,0,0,0,0,0,0,ikigai
757,0,0,0,0,0,0,0,0,0,0,0,ikigai
758,0,0,0,0,1,0,1,2,0,2,2,ikigai
759,0,2,0,0,2,0,1,2,0,4,4,ikigai
760,0,0,0,0,0,0,0,0,0,0,0,ikigai
761,0,1,0,0,2,0,1,2,0,5,5,ikigai
762,0,0,0,0,0,0,0,0,0,0,0,ikigai
763,0,0,0,0,0,0,0,0,0,1,1,ikigai
764,0,0,0,0,0,0,0,0,1,0,-1,ikigai
765,0,1,0,0,2,0,1,2,0,2,2,ikigai
766,0,0,0,0,0,0,0,0,0,0,0,ikigai
767,0,3,0,0,3,0,2,3,0,3,3,ikigai
768,0,1,0,0,2,0,0,3,0,5,5,ikigai
769,0,3,0,0,2,0,0,2,0,2,2,ikigai
770,0,2,0,0,1,0,0,1,0,2,2,ikigai
771,0,1,0,0,1,0,0,0,0,2,2,ikigai
772,0,2,0,1,1,0,1,1,0,2,2,ikigai
773,0,1,0,0,1,0,0,2,0,3,3,ikigai
774,0,0,0,0,0,0,0,1,0,1,1,ikigai
775,1,0,0,1,0,1,0,0,1,0,-1,ikigai
776,0,0,0,0,0,0,0,0,0,0,0,ikigai
777,0,1,1,0,1,1,1,2,0,3,3,ikigai
778,0,4,0,0,4,0,2,3,0,5,5,ikigai
779,0,2,0,0,2,0,1,3,0,3,3,ikigai
780,0,2,0,0,2,1,1,1,0,3,3,ikigai
781,0,2,0,0,1,0,0,2,0,4,4,ikigai
782,0,0,0,0,0,0,0,1,0,5,5,ikigai
783,0,0,1,1,0,0,0,0,1,0,-1,ikigai
784,0,0,0,0,0,0,0,0,0,0,0,ikigai
785,0,1,0,0,1,0,1,1,0,1,1,ikigai
786,0,0,0,0,0,0,0,0,0,0,0,ikigai
787,0,0,0,0,2,0,0,1,0,3,3,ikigai
788,0,0,0,1,1,0,0,1,0,2,2,ikigai
789,0,0,0,0,0,0,0,0,0,0,0,ikigai
790,0,1,0,0,1,0,1,1,0,1,1,ikigai
791,0,2,0,0,2,0,1,3,0,4,4,ikigai
792,0,0,0,0,0,0,0,0,0,0,0,ikigai
793,0,2,0,0,3,0,1,4,0,3,3,ikigai
794,0,1,0,0,1,0,0,1,0,1,1,ikigai
795,0,0,0,0,0,1,0,0,1,0,-1,ikigai
796,0,0,0,0,0,0,0,0,0,1,1,ikigai
797,0,0,0,0,1,0,0,1,0,1,1,ikigai
798,0,1,0,0,1,0,0,1,0,2,2,ikigai
799,1,1,0,1,1,2,2,1,2,1,-1,ikigai
800,0,0,0,0,1,0,0,1,0,1,1,ikigai
801,0,0,0,0,0,0,0,0,0,0,0,ikigai
802,0,2,0,0,2,0,0,3,0,2,2,ikigai
803,0,2,0,0,0,0,0,0,0,1,1,ikigai
804,0,0,0,0,0,0,0,0,0,1,1,ikigai
805,0,1,0,0,1,0,1,2,0,3,3,ikigai
806,0,0,0,0,0,0,0,1,0,1,1,ikigai
807,0,1,0,0,1,0,1,1,0,3,3,ikigai
808,0,0,0,0,0,0,0,1,0,1,1,ikigai
809,0,2,0,0,2,0,2,2,0,5,5,ikigai
810,0,0,0,0,0,0,0,1,0,2,2,ikigai
811,0,1,0,0,0,1,0,0,1,1,0,ikigai
812,0,0,0,0,0,0,0,0,0,0,0,ikigai
813,0,1,0,0,2,0,1,2,0,3,3,ikigai
814,0,1,0,0,1,0,0,1,0,1,1,ikigai
815,0,0,0,0,1,0,0,1,0,2,2,ikigai
816,0,1,0,0,0,0,0,0,1,0,-1,ikigai
817,0,0,0,0,0,0,0,0,0,0,0,ikigai
818,0,1,0,0,1,0,0,0,0,1,1,ikigai
819,1,2,0,0,2,1,2,1,1,3,2,ikigai
820,0,0,0,0,1,0,0,0,0,1,1,ikigai
821,0,2,0,0,2,0,2,3,0,4,4,ikigai
822,0,0,0,0,0,0,0,1,0,1,1,ikigai
823,0,1,0,0,0,0,0,0,0,0,0,ikigai
824,0,1,1,0,2,1,1,2,2,2,0,ikigai
825,0,0,0,0,0,0,0,0,0,0,0,ikigai
826,0,2,0,0,2,0,1,1,0,3,3,ikigai
827,0,0,0,0,0,0,0,0,0,0,0,ikigai
828,1,0,1,0,0,1,0,1,2,0,-2,ikigai
829,0,0,0,0,0,0,0,0,0,1,1,ikigai
830,0,1,0,0,0,0,0,0,0,0,0,ikigai
831,0,0,0,0,1,0,0,2,0,2,2,ikigai
832,0,0,0,0,0,0,0,1,0,1,1,ikigai
833,0,0,0,0,0,0,0,0,0,1,1,ikigai
834,0,0,0,0,0,0,0,0,0,0,0,ikigai
835,1,0,2,0,0,0,0,0,2,0,-2,ikigai
836,0,0,0,0,0,0,0,0,0,1,1,ikigai
837,0,1,0,0,1,0,1,1,0,1,1,ikigai
838,0,0,0,0,0,0,0,0,0,0,0,ikigai
839,0,0,0,0,0,0,0,0,0,0,0,ikigai
840,0,0,0,0,0,0,0,0,0,2,2,ikigai
841,0,1,0,0,2,0,1,1,0,2,2,ikigai
842,0,1,0,0,1,0,0,4,0,4,4,ikigai
843,0,3,0,0,2,0,0,2,0,4,4,ikigai
844,0,1,0,0,2,0,1,2,0,2,2,ikigai
845,0,0,0,0,0,0,0,0,0,1,1,ikigai
846,0,1,0,0,0,0,0,1,0,1,1,ikigai
847,0,0,0,0,0,0,0,1,0,0,0,ikigai
848,0,0,0,0,0,0,0,0,0,1,1,ikigai
849,0,0,0,0,0,0,0,0,0,1,1,ikigai
850,0,2,0,0,2,1,2,3,0,4,4,ikigai
851,0,1,0,0,1,0,1,1,0,2,2,ikigai
852,0,0,0,0,0,0,0,0,0,0,0,ikigai
853,0,0,0,1,0,0,0,0,0,0,0,ikigai
854,0,0,0,1,0,0,0,0,0,0,0,ikigai
855,0,1,0,0,1,0,1,1,0,1,1,ikigai
856,0,1,0,0,2,0,1,3,0,4,4,ikigai
857,0,1,0,0,1,0,0,1,0,2,2,ikigai
858,0,0,0,0,1,0,1,1,0,1,1,ikigai
859,0,1,0,0,1,0,1,1,0,1,1,ikigai
860,1,0,0,1,0,1,0,0,1,0,-1,ikigai
861,0,0,0,0,1,0,0,0,0,1,1,ikigai
862,0,0,0,0,0,0,0,0,0,0,0,ikigai
863,0,1,0,0,0,0,0,2,1,1,0,ikigai
864,0,0,0,0,2,0,0,1,0,2,2,ikigai
865,0,0,0,0,0,0,0,1,0,1,1,ikigai
866,0,0,0,0,0,0,0,0,0,0,0,ikigai
867,0,0,0,0,0,0,0,2,0,2,2,ikigai
868,0,1,0,0,1,0,1,0,0,1,1,ikigai
869,0,1,0,0,1,0,0,2,0,4,4,ikigai
870,0,1,0,0,1,0,1,1,1,2,1,ikigai
871,0,0,0,0,1,0,0,1,0,3,3,ikigai
872,0,1,0,0,1,0,1,1,0,2,2,ikigai
873,0,0,0,0,0,0,0,0,0,2,2,ikigai
874,0,0,0,0,0,0,0,0,0,0,0,ikigai
875,0,2,0,0,3,0,2,2,0,4,4,ikigai
876,0,1,0,0,1,0,1,1,0,1,1,ikigai
877,0,0,0,0,0,0,0,0,0,0,0,ikigai
878,0,0,0,0,0,0,0,1,0,1,1,ikigai
879,0,2,0,0,1,0,0,2,0,1,1,ikigai
880,0,2,0,0,1,0,1,3,1,2,1,ikigai
881,0,1,0,0,1,0,1,1,0,1,1,ikigai
882,0,1,0,0,1,0,0,2,0,1,1,ikigai
883,0,1,0,0,2,0,1,2,0,2,2,ikigai
884,0,1,0,0,0,0,0,1,0,1,1,ikigai
885,0,0,0,0,0,0,1,1,0,2,2,ikigai
886,0,0,0,0,0,0,0,0,0,0,0,ikigai
887,0,1,0,0,1,0,1,1,0,1,1,ikigai
888,0,1,0,0,2,0,1,1,0,2,2,ikigai
889,1,2,1,0,2,1,1,2,1,3,2,ikigai
890,0,0,0,0,0,0,0,0,0,1,1,ikigai
891,0,0,0,0,0,0,0,0,0,0,0,ikigai
892,0,0,0,0,2,0,1,3,0,3,3,ikigai
893,1,1,0,1,1,1,0,1,1,3,2,ikigai
894,0,1,0,0,1,0,0,1,0,2,2,ikigai
895,0,1,0,0,1,2,1,1,1,2,1,ikigai
896,0,0,0,0,0,0,0,0,0,0,0,ikigai
897,0,0,0,0,0,0,0,0,0,1,1,ikigai
898,0,1,0,1,1,0,1,1,0,1,1,ikigai
899,1,1,0,0,1,0,0,0,1,1,0,ikigai
900,0,0,0,0,0,0,0,1,0,1,1,ikigai
901,0,1,0,0,1,0,0,1,0,2,2,ikigai
902,0,0,0,0,0,0,0,1,0,1,1,ikigai
903,0,2,0,1,1,0,1,2,0,2,2,ikigai
904,0,0,0,0,0,0,0,0,0,0,0,ikigai
905,0,0,0,0,0,0,0,0,0,0,0,ikigai
906,0,2,0,0,2,0,1,2,0,2,2,ikigai
907,0,1,0,1,0,0,0,0,0,0,0,ikigai
908,0,1,0,0,2,0,1,1,0,2,2,ikigai
909,0,0,0,0,0,0,0,1,0,2,2,ikigai
910,0,0,0,0,0,0,0,0,0,0,0,ikigai
911,0,1,0,0,0,0,0,0,0,0,0,ikigai
912,0,0,0,0,0,0,0,0,0,0,0,ikigai
913,0,0,0,0,1,0,0,1,0,1,1,ikigai
914,0,0,0,0,0,0,0,0,0,0,0,ikigai
915,0,1,0,0,0,0,0,0,0,0,0,ikigai
916,0,0,0,0,1,0,0,1,0,1,1,ikigai
917,0,1,0,0,1,0,1,1,0,1,1,ikigai
918,0,2,0,0,1,0,1,1,0,2,2,ikigai
919,0,5,1,0,3,0,2,3,0,4,4,ikigai
920,0,1,0,0,0,0,0,0,0,1,1,ikigai
921,0,0,0,0,0,0,0,0,0,0,0,ikigai
922,0,0,0,0,0,0,0,0,0,0,0,ikigai
923,0,0,0,0,0,0,1,0,0,0,0,ikigai
924,0,0,0,0,0,0,0,0,0,0,0,ikigai
925,0,2,0,0,2,0,0,1,0,2,2,ikigai
926,0,0,0,0,0,0,0,0,0,0,0,ikigai
927,1,2,1,2,2,0,0,3,0,2,2,ikigai
928,0,0,0,0,1,0,0,1,1,1,0,ikigai
929,0,0,0,0,0,0,0,0,0,0,0,ikigai
930,0,2,0,0,1,0,0,3,0,5,5,ikigai
931,0,0,0,0,0,0,0,0,0,0,0,ikigai
932,0,0,0,0,0,0,0,0,0,0,0,ikigai
933,0,1,0,0,1,0,0,1,0,1,1,ikigai
934,0,1,0,0,0,0,0,0,1,0,-1,ikigai
935,0,0,0,0,0,0,0,0,0,0,0,ikigai
936,0,0,0,0,0,0,0,0,0,0,0,ikigai
937,0,0,0,0,0,0,0,0,0,0,0,ikigai
938,0,0,0,0,1,0,0,1,0,1,1,ikigai
939,0,0,0,0,0,0,0,0,0,0,0,ikigai
940,0,0,0,0,0,0,0,0,0,0,0,ikigai
941,0,0,0,0,0,0,0,0,0,0,0,ikigai
942,0,1,0,0,1,0,0,2,0,2,2,ikigai
943,0,1,0,0,1,0,0,1,0,1,1,ikigai
944,0,0,0,0,0,0,0,0,0,0,0,ikigai
945,0,0,0,0,0,0,0,0,0,0,0,ikigai
946,0,0,0,0,0,0,0,0,0,0,0,ikigai
947,0,1,0,0,1,0,1,1,0,3,3,ikigai
948,0,1,0,0,1,0,0,1,0,2,2,ikigai
949,0,0,0,0,0,0,0,0,0,1,1,ikigai
950,0,0,0,0,0,0,0,0,0,0,0,ikigai
951,0,0,0,0,0,0,0,0,0,0,0,ikigai
952,0,1,0,0,1,0,1,1,0,1,1,ikigai
953,0,2,0,0,2,1,2,2,0,2,2,ikigai
954,0,1,0,0,1,0,1,1,0,1,1,ikigai
955,1,0,1,1,1,0,0,1,2,2,0,ikigai
956,0,0,0,0,0,0,0,0,0,0,0,ikigai
957,0,0,1,0,0,0,0,0,1,0,-1,ikigai
958,0,1,0,0,1,0,1,1,0,1,1,ikigai
959,0,1,0,0,1,0,0,0,0,2,2,ikigai
960,0,1,0,0,1,0,1,1,1,1,0,ikigai
961,0,0,0,0,0,0,0,0,0,0,0,ikigai
962,0,0,0,0,0,0,0,0,0,1,1,ikigai
963,0,1,0,0,1,0,0,1,0,1,1,ikigai
964,0,1,0,0,1,0,1,1,0,1,1,ikigai
965,0,0,0,0,0,0,0,0,0,1,1,ikigai
966,0,0,0,0,0,0,0,0,0,0,0,ikigai
967,0,1,0,0,0,0,0,0,0,0,0,ikigai
968,0,1,0,0,1,0,1,1,0,1,1,ikigai
969,0,2,0,0,2,0,0,2,0,2,2,ikigai
970,0,0,0,0,0,0,0,0,0,2,2,ikigai
971,0,2,0,0,2,0,1,2,0,4,4,ikigai
972,0,3,0,0,3,0,0,3,0,4,4,ikigai
973,0,1,0,0,0,0,0,0,0,0,0,ikigai
974,0,1,0,0,1,0,0,1,0,1,1,ikigai
975,1,0,1,1,0,1,0,1,2,0,-2,ikigai
976,0,1,0,0,1,0,0,2,0,2,2,ikigai
977,0,1,0,0,2,0,1,2,0,3,3,ikigai
978,0,0,0,0,0,0,0,0,0,1,1,ikigai
979,0,0,0,0,0,0,0,0,0,1,1,ikigai
980,0,1,0,0,0,0,0,0,0,0,0,ikigai
981,0,2,0,0,0,0,0,0,0,1,1,ikigai
982,0,2,0,0,0,0,1,0,0,3,3,ikigai
983,0,1,0,0,1,0,1,2,0,1,1,ikigai
984,1,2,0,1,2,1,0,2,1,4,3,ikigai
985,1,1,1,1,2,0,0,2,0,2,2,ikigai
986,0,1,0,0,1,0,1,1,0,1,1,ikigai
987,0,0,0,0,0,0,0,0,0,1,1,ikigai
988,0,0,0,0,0,0,0,0,0,1,1,ikigai
989,0,0,0,1,0,1,0,0,1,0,-1,ikigai
990,0,1,0,0,1,0,0,1,0,1,1,ikigai
991,0,0,0,0,0,0,0,1,0,1,1,ikigai
992,0,1,0,0,2,0,0,2,0,2,2,ikigai
993,0,0,0,0,0,0,0,0,0,1,1,ikigai
994,0,1,0,0,1,0,1,2,0,1,1,ikigai
995,0,0,0,0,1,0,0,1,0,1,1,ikigai
996,0,1,1,0,1,1,1,1,1,2,1,ikigai
997,0,2,0,0,1,1,1,1,1,3,2,ikigai
998,0,1,1,0,2,1,1,3,2,2,0,ikigai
999,0,0,0,0,0,0,0,0,0,0,0,ikigai
1000,0,1,0,0,1,0,1,1,0,1,1,ikigai
1001,0,2,1,0,2,0,2,2,0,2,2,ikigai
1002,0,0,0,0,0,0,0,0,0,0,0,ikigai
1003,0,1,0,0,1,0,1,1,0,1,1,ikigai
1004,0,1,0,0,1,0,1,1,0,1,1,ikigai
1005,0,0,0,0,0,0,0,0,0,0,0,ikigai
1006,0,0,0,0,0,0,0,0,0,0,0,ikigai
1007,0,1,0,0,1,0,1,1,0,1,1,ikigai
1008,0,0,0,0,1,0,0,0,0,1,1,ikigai
1009,0,1,0,0,1,0,1,1,0,4,4,ikigai
1010,0,0,0,0,1,0,0,0,0,1,1,ikigai
1011,0,0,0,0,0,0,0,0,0,0,0,ikigai
1012,0,0,0,0,0,0,0,0,0,2,2,ikigai
1013,0,2,0,0,1,0,1,1,0,2,2,ikigai
1014,0,0,0,0,0,0,0,0,0,1,1,ikigai
1015,0,0,0,0,0,0,0,0,0,0,0,ikigai
1016,0,0,0,0,0,0,0,0,0,0,0,ikigai
1017,0,1,0,0,2,0,1,2,0,2,2,ikigai
1018,1,2,1,1,1,2,1,1,2,1,-1,ikigai
1019,0,0,0,0,0,0,0,1,0,2,2,ikigai
1020,0,0,0,0,0,0,0,1,0,1,1,ikigai
1021,0,0,0,0,0,0,0,0,0,0,0,ikigai
1022,0,0,0,0,0,0,0,0,0,1,1,ikigai
1023,0,0,0,0,0,0,0,0,0,0,0,ikigai
1024,0,1,0,0,2,0,0,3,0,4,4,ikigai
1025,0,1,0,0,1,0,1,1,0,1,1,ikigai
1026,0,0,0,0,1,0,0,1,0,1,1,ikigai
1027,0,0,0,0,0,0,0,0,0,0,0,ikigai
1028,0,2,0,0,1,0,1,2,0,2,2,ikigai
1029,0,1,0,0,1,0,1,1,0,1,1,ikigai
1030,0,0,0,0,0,0,0,0,0,0,0,ikigai
1031,0,2,0,0,1,0,0,1,0,1,1,ikigai
1032,0,0,0,0,0,0,0,1,0,2,2,ikigai
1033,0,1,0,0,2,0,1,0,0,2,2,ikigai
1034,0,0,0,0,0,0,0,0,0,0,0,ikigai
1035,0,0,0,0,0,0,0,0,0,0,0,ikigai
1036,0,0,0,0,1,0,0,1,0,1,1,ikigai
1037,0,0,0,0,0,0,0,0,0,1,1,ikigai
1038,0,0,0,0,0,0,0,0,0,0,0,ikigai
1039,0,0,0,0,1,0,1,1,0,2,2,ikigai
1040,0,0,0,0,0,0,0,1,0,1,1,ikigai
1041,0,0,0,0,1,0,0,1,1,2,1,ikigai
1042,0,0,0,1,0,1,0,1,1,1,0,ikigai
1043,0,0,0,0,0,0,0,0,0,0,0,ikigai
1044,0,0,1,0,0,0,0,2,1,1,0,ikigai
1045,0,0,0,0,0,0,0,0,0,0,0,ikigai
1046,0,0,1,0,0,0,0,0,1,1,0,ikigai
1047,0,1,0,0,1,0,1,1,0,2,2,ikigai
1048,0,0,0,0,0,0,0,1,0,1,1,ikigai
1049,0,0,0,0,0,0,0,0,0,0,0,ikigai
1050,0,0,0,0,0,0,0,0,0,0,0,ikigai
1051,0,2,0,0,2,0,1,2,0,2,2,ikigai
1052,0,0,0,0,1,0,0,1,0,1,1,ikigai
1053,0,1,0,0,2,0,1,2,0,2,2,ikigai
1054,0,0,0,0,1,0,1,1,0,1,1,ikigai
1055,0,0,0,0,0,0,0,0,0,0,0,ikigai
1056,0,1,0,0,2,0,1,2,0,2,2,ikigai
1057,0,1,0,0,2,0,1,2,0,2,2,ikigai
1058,0,1,1,1,1,1,1,1,1,1,0,ikigai
1059,0,2,0,0,2,0,1,1,0,2,2,ikigai
1060,0,2,0,0,2,0,1,1,0,3,3,ikigai
1061,0,1,0,0,1,0,1,1,0,2,2,ikigai
1062,0,2,0,0,2,0,2,2,0,3,3,ikigai
1063,0,1,0,0,1,0,0,1,0,1,1,ikigai
1064,0,0,0,0,0,0,0,0,0,0,0,ikigai
1065,0,0,0,0,0,0,0,0,0,0,0,ikigai
1066,0,2,0,0,2,0,1,2,0,2,2,ikigai
1067,0,0,0,0,0,0,0,0,0,1,1,ikigai
1068,0,0,0,0,0,1,0,0,1,0,-1,ikigai
1069,0,0,0,0,0,0,0,0,0,0,0,ikigai
1070,0,0,0,0,0,0,0,0,0,0,0,ikigai
1071,0,0,0,0,0,0,0,0,0,0,0,ikigai
1072,0,0,0,0,0,0,0,0,0,0,0,ikigai
1073,0,0,0,0,0,0,0,0,0,0,0,ikigai
1074,0,1,0,1,1,1,0,0,1,1,0,ikigai
1075,0,0,0,0,1,0,0,0,0,1,1,ikigai
1076,0,0,0,0,0,0,0,0,0,0,0,ikigai
1077,0,0,0,0,0,0,0,0,0,0,0,ikigai
1078,0,0,0,0,0,0,0,0,0,0,0,ikigai
1079,0,0,0,0,0,0,0,0,0,0,0,ikigai
1080,0,0,0,0,1,0,0,0,0,1,1,ikigai
1081,0,0,0,0,0,0,0,1,0,0,0,ikigai
1082,0,3,0,0,4,0,2,2,0,4,4,ikigai
1083,0,0,0,0,0,0,0,1,0,1,1,ikigai
1084,0,1,0,0,1,0,0,1,0,1,1,ikigai
1085,0,0,2,0,0,0,0,0,1,1,0,ikigai
1086,1,0,0,1,0,1,1,0,1,0,-1,ikigai
1087,0,0,0,0,0,0,0,0,0,0,0,ikigai
1088,0,0,0,0,1,0,0,1,0,4,4,ikigai
1089,0,0,0,0,0,0,0,0,0,0,0,ikigai
1090,0,1,0,0,2,0,1,2,0,3,3,ikigai
1091,0,0,0,0,0,0,0,0,0,0,0,ikigai
1092,0,1,0,0,2,0,1,1,0,2,2,ikigai
1093,0,0,0,0,0,0,0,0,0,2,2,ikigai
1094,0,1,0,0,1,1,1,2,0,2,2,ikigai
1095,0,0,0,0,1,0,0,0,0,1,1,ikigai
1096,0,0,0,0,0,0,0,1,0,1,1,ikigai
1097,0,0,0,0,0,0,0,0,0,0,0,ikigai
1098,0,1,0,0,1,0,1,1,0,1,1,ikigai
1099,0,0,0,0,0,0,0,0,0,0,0,ikigai
1100,1,1,0,0,1,0,1,1,1,1,0,ikigai
1101,0,1,0,0,1,0,1,1,0,2,2,ikigai
1102,0,0,0,0,0,0,0,0,0,0,0,ikigai
1103,0,1,0,0,1,0,1,1,0,1,1,ikigai
1104,0,0,0,0,0,0,0,0,0,1,1,ikigai
1105,0,0,0,0,0,0,0,0,0,0,0,ikigai
1106,0,0,0,1,0,1,0,0,1,0,-1,ikigai
1107,0,1,0,0,0,0,0,0,0,0,0,ikigai
1108,0,0,0,0,1,0,1,1,0,2,2,ikigai
1109,0,0,0,0,0,0,0,0,0,2,2,ikigai
1110,0,3,0,0,1,0,1,1,0,2,2,ikigai
1111,0,1,0,0,1,0,1,1,0,1,1,ikigai
1112,0,0,0,0,0,0,0,0,0,0,0,ikigai
1113,0,0,0,0,0,0,0,0,0,0,0,ikigai
1114,1,1,0,1,1,0,1,1,1,1,0,ikigai
1115,0,0,0,0,0,0,0,0,0,0,0,ikigai
1116,0,0,0,0,0,0,0,0,0,0,0,ikigai
1117,0,0,0,0,0,0,0,0,0,0,0,ikigai
1118,0,1,0,0,0,0,0,1,1,2,1,ikigai
1119,0,1,0,0,1,0,1,1,0,1,1,ikigai
1120,0,0,0,0,1,0,0,1,0,1,1,ikigai
1121,0,0,0,0,0,0,0,0,0,0,0,ikigai
1122,0,0,0,0,0,0,0,0,0,1,1,ikigai
1123,0,0,0,0,0,0,0,0,0,0,0,ikigai
1124,0,0,0,0,0,0,0,0,0,0,0,ikigai
1125,0,1,0,0,1,0,1,1,0,1,1,ikigai
1126,0,1,0,0,1,0,1,1,0,1,1,ikigai
1127,0,0,0,0,0,0,0,0,1,1,0,ikigai
1128,0,0,0,0,0,0,0,0,0,0,0,ikigai
1129,0,0,0,1,0,0,0,0,0,0,0,ikigai
1130,1,0,1,0,0,1,0,0,1,0,-1,ikigai
1131,0,0,0,0,0,0,0,1,0,0,0,ikigai
1132,0,1,0,0,1,0,1,1,0,1,1,ikigai
1133,0,0,0,0,0,0,0,0,0,0,0,ikigai
1134,0,0,0,0,1,0,0,0,0,1,1,ikigai
1135,1,2,1,1,1,1,1,0,1,1,0,ikigai
1136,0,1,0,0,1,0,1,1,1,1,0,ikigai
1137,0,0,0,0,0,0,0,0,0,0,0,ikigai
1138,0,1,0,0,1,0,1,1,0,1,1,ikigai
1139,0,0,0,0,0,0,0,0,0,0,0,ikigai
1140,0,2,0,0,1,0,1,1,0,1,1,ikigai
1141,0,0,0,0,0,0,0,0,0,0,0,ikigai
1142,0,0,0,0,0,0,0,0,0,0,0,ikigai
1143,0,0,0,0,0,0,0,0,0,0,0,ikigai
1144,0,1,0,0,0,0,0,0,1,1,0,ikigai
1145,0,0,0,0,0,0,0,0,0,0,0,ikigai
1146,0,0,0,0,0,0,0,0,0,0,0,ikigai
1147,0,0,0,0,0,0,0,0,0,0,0,ikigai
1148,0,0,0,0,0,0,0,0,0,0,0,ikigai
1149,0,0,0,0,0,0,0,0,0,0,0,ikigai
1150,0,1,0,0,1,0,1,1,0,1,1,ikigai
1151,0,1,0,0,1,1,1,1,0,1,1,ikigai
1152,0,2,0,0,2,0,0,1,0,2,2,ikigai
1153,0,0,0,0,0,0,0,0,0,1,1,ikigai
1154,0,0,0,0,0,0,0,0,0,0,0,ikigai
1155,0,0,0,0,0,0,0,0,0,1,1,ikigai
1156,0,0,0,0,0,0,0,0,0,1,1,ikigai
1157,0,0,0,0,0,0,0,0,0,0,0,ikigai
1158,1,0,1,1,0,1,0,0,1,0,-1,ikigai
1159,0,1,0,0,1,0,1,1,0,1,1,ikigai
1160,0,1,0,0,0,0,0,0,2,1,-1,ikigai
1161,0,0,0,0,0,0,0,0,0,0,0,ikigai
1162,0,0,0,0,2,0,0,1,0,2,2,ikigai
1163,0,1,0,0,1,0,1,1,0,1,1,ikigai
1164,0,1,0,0,1,0,1,1,0,2,2,ikigai
1165,0,1,0,0,1,0,0,1,0,2,2,ikigai
1166,0,1,0,0,1,0,1,1,0,1,1,ikigai
1167,0,1,0,0,1,0,1,1,1,1,0,ikigai
1168,1,4,1,1,4,1,3,5,1,6,5,ikigai
1169,0,0,0,0,0,0,0,0,0,0,0,ikigai
1170,0,0,0,0,0,0,0,0,0,0,0,ikigai
1171,0,0,0,0,0,0,0,0,0,1,1,ikigai
1172,0,1,0,0,1,0,1,1,0,1,1,ikigai
1173,0,0,0,0,0,0,0,1,1,1,0,ikigai
1174,0,1,0,0,1,0,1,1,0,1,1,ikigai
1175,0,1,0,1,1,0,1,1,0,1,1,ikigai
1176,0,1,0,0,1,0,1,1,0,1,1,ikigai
1177,0,0,0,0,0,0,0,0,0,0,0,ikigai
1178,1,0,1,0,0,1,0,0,1,1,0,ikigai
1179,0,1,0,0,1,0,1,1,0,1,1,ikigai
1180,0,1,0,0,1,0,1,1,0,2,2,ikigai
1181,0,1,0,0,4,0,1,2,0,6,6,ikigai
1182,0,0,0,0,0,0,0,0,0,0,0,ikigai
1183,0,0,0,0,0,0,0,0,0,0,0,ikigai
1184,0,0,0,0,0,0,0,0,0,0,0,ikigai
1185,0,0,0,0,0,0,0,0,0,0,0,ikigai
1186,0,0,0,0,1,0,0,0,0,1,1,ikigai
1187,0,0,0,0,0,0,0,0,0,0,0,ikigai
1188,0,0,0,0,0,0,0,1,0,0,0,ikigai
1189,0,0,0,0,1,0,0,1,0,1,1,ikigai
1190,0,0,0,0,0,0,0,0,0,0,0,ikigai
1191,0,0,0,0,0,1,0,0,1,0,-1,ikigai
1192,0,2,0,0,1,0,1,1,0,1,1,ikigai
1193,0,0,0,0,0,0,0,0,0,0,0,ikigai
1194,0,0,0,0,1,0,0,1,0,1,1,ikigai
1195,0,0,0,0,2,0,0,1,0,2,2,ikigai
1196,0,0,0,1,0,0,0,0,0,0,0,ikigai
1197,0,0,0,0,0,0,0,0,0,0,0,ikigai
1198,0,0,0,0,0,0,0,0,0,0,0,ikigai
1199,0,1,0,0,1,0,1,1,0,1,1,ikigai
1200,0,0,0,0,0,0,0,0,0,0,0,ikigai
1201,0,1,0,0,1,0,1,1,0,1,1,ikigai
1202,0,1,0,0,1,0,0,1,0,3,3,ikigai
1203,0,0,0,0,1,0,0,2,2,3,1,ikigai
1204,0,0,0,0,0,0,0,0,0,0,0,ikigai
1205,0,0,0,0,0,0,0,1,0,0,0,ikigai
1206,0,1,0,0,1,0,1,1,0,1,1,ikigai
1207,0,0,0,0,0,0,0,1,0,1,1,ikigai
1208,0,0,0,0,1,0,1,1,0,1,1,ikigai
1209,0,0,0,0,0,0,0,0,0,0,0,ikigai
1210,0,0,0,1,2,0,0,1,0,2,2,ikigai
1211,0,0,0,0,1,0,0,0,0,1,1,ikigai
1212,0,0,0,0,1,0,0,0,0,1,1,ikigai
1213,0,0,0,0,0,0,0,0,1,1,0,ikigai
1214,0,0,0,0,0,0,0,0,0,0,0,ikigai
1215,0,0,0,0,0,0,0,0,0,0,0,ikigai
1216,0,1,0,0,1,0,1,2,0,2,2,ikigai
1217,0,1,0,0,1,0,1,1,0,1,1,ikigai
1218,0,0,0,0,0,0,0,0,0,0,0,ikigai
1219,0,0,0,0,2,0,0,1,1,2,1,ikigai
1220,0,1,0,0,1,0,0,2,0,2,2,ikigai
1221,0,0,0,0,0,0,0,0,0,0,0,ikigai
1222,0,1,0,0,1,0,1,1,0,1,1,ikigai
1223,0,0,1,0,0,0,0,1,1,1,0,ikigai
1224,0,1,0,0,1,0,1,1,0,1,1,ikigai
1225,0,0,0,0,0,0,0,0,0,0,0,ikigai
1226,0,0,0,0,0,0,0,0,0,0,0,ikigai
1227,0,3,0,0,4,0,1,3,1,4,3,ikigai
1228,0,1,0,0,1,0,1,1,1,1,0,ikigai
1229,1,0,1,0,0,0,0,0,1,1,0,ikigai
1230,0,2,0,0,1,0,1,1,0,2,2,ikigai
1231,0,0,0,0,0,0,0,1,0,1,1,ikigai
1232,0,0,0,0,1,0,1,0,0,1,1,ikigai
1233,0,0,0,0,0,0,0,0,0,0,0,ikigai
1234,0,0,0,0,0,0,0,0,0,1,1,ikigai
1235,0,0,0,0,0,0,0,0,0,0,0,ikigai
1236,0,0,0,0,1,0,1,2,0,2,2,ikigai
1237,0,0,0,0,0,0,0,0,0,1,1,ikigai
1238,0,0,0,0,0,0,0,0,0,0,0,ikigai
1239,0,0,0,0,0,0,0,0,0,0,0,ikigai
1240,0,0,0,0,0,0,0,0,0,0,0,ikigai
1241,0,0,0,0,1,0,0,0,0,1,1,ikigai
1242,0,0,0,0,0,0,0,0,0,0,0,ikigai
1243,0,1,0,0,1,0,1,1,0,1,1,ikigai
1244,0,0,0,0,0,0,0,1,0,1,1,ikigai
1245,0,0,0,0,0,0,0,0,0,1,1,ikigai
1246,0,0,0,0,0,0,0,0,0,1,1,ikigai
1247,0,0,0,0,0,0,0,0,1,0,-1,ikigai
1248,0,0,0,0,1,0,0,1,0,1,1,ikigai
1249,0,0,0,0,0,0,0,0,0,0,0,ikigai
1250,0,1,0,0,1,0,1,1,0,1,1,ikigai
1251,0,1,0,0,1,0,1,1,0,2,2,ikigai
1252,0,1,0,0,1,0,1,1,0,1,1,ikigai
1253,0,0,0,0,0,0,0,0,0,0,0,ikigai
1254,0,0,0,0,0,0,0,0,0,0,0,ikigai
1255,0,0,0,0,0,0,0,0,0,0,0,ikigai
1256,0,0,0,0,1,0,0,2,0,2,2,ikigai
1257,0,1,0,0,1,0,1,1,0,2,2,ikigai
1258,1,1,0,0,1,0,1,1,0,1,1,ikigai
1259,0,0,0,0,0,0,0,0,0,0,0,ikigai
1260,0,3,2,0,3,1,2,1,2,3,1,ikigai
1261,0,1,0,0,1,0,1,2,0,1,1,ikigai
1262,0,0,0,0,0,0,0,0,0,0,0,ikigai
1263,0,1,0,0,1,0,0,1,0,1,1,ikigai
1264,0,1,0,0,1,0,0,1,0,4,4,ikigai
1265,0,0,0,0,1,0,0,0,0,1,1,ikigai
1266,0,1,0,0,1,0,1,1,0,1,1,ikigai
1267,0,1,0,0,1,0,1,1,0,1,1,ikigai
1268,0,1,0,0,1,0,1,1,0,1,1,ikigai
1269,1,1,1,0,1,1,1,1,1,1,0,ikigai
1270,0,0,0,0,0,0,0,1,0,0,0,ikigai
1271,0,2,0,0,2,0,1,2,0,3,3,ikigai
1272,0,0,0,0,0,0,0,0,0,0,0,ikigai
1273,0,0,0,0,1,0,0,1,0,1,1,ikigai
1274,0,0,0,0,0,0,0,0,0,0,0,ikigai
1275,0,1,0,0,0,0,0,0,0,0,0,ikigai
1276,0,0,0,0,0,0,0,0,0,1,1,ikigai
1277,0,1,0,0,1,0,1,1,0,1,1,ikigai
1278,0,1,0,0,1,0,1,1,0,1,1,ikigai
1279,0,0,0,0,0,0,0,0,0,1,1,ikigai
1280,0,1,0,0,1,0,1,1,0,1,1,ikigai
1281,0,0,0,0,0,0,0,0,0,0,0,ikigai
1282,0,0,0,0,0,0,0,0,0,0,0,ikigai
1283,0,0,0,0,0,0,0,0,0,0,0,ikigai
1284,0,0,0,0,0,0,0,0,0,0,0,ikigai
1285,0,0,0,0,1,0,1,1,0,1,1,ikigai
1286,0,0,0,0,0,0,0,0,0,0,0,ikigai
1287,0,0,0,0,0,0,0,0,0,0,0,ikigai
1288,0,0,0,0,0,0,0,0,0,0,0,ikigai
1289,0,1,0,0,1,0,1,1,0,1,1,ikigai
1290,0,1,0,0,1,0,1,1,0,1,1,ikigai
1291,0,0,0,0,0,0,0,0,0,0,0,ikigai
1292,0,0,0,0,0,0,0,0,0,0,0,ikigai
1293,0,0,0,0,0,0,0,0,0,0,0,ikigai
1294,0,1,0,0,1,0,1,1,0,1,1,ikigai
1295,0,1,0,0,1,0,1,1,0,1,1,ikigai
1296,0,0,0,0,0,0,0,0,0,0,0,ikigai
1297,0,1,0,0,1,0,0,1,1,2,1,ikigai
1298,0,2,0,0,2,0,2,3,1,2,1,ikigai
1299,0,1,0,0,2,0,1,2,0,3,3,ikigai
1300,0,0,0,0,0,0,0,0,0,0,0,ikigai
1301,0,0,0,0,0,0,0,0,0,0,0,ikigai
1302,0,0,0,0,0,0,0,0,0,0,0,ikigai
1303,0,1,0,0,1,0,1,1,0,1,1,ikigai
1304,0,1,0,0,1,0,1,1,0,1,1,ikigai
1305,0,0,0,0,0,0,0,0,0,0,0,ikigai
1306,0,0,0,0,0,0,0,0,0,0,0,ikigai
1307,0,0,0,0,0,0,0,0,0,0,0,ikigai
1308,0,0,0,0,1,0,0,0,0,2,2,ikigai
1309,0,0,0,0,0,0,0,0,0,0,0,ikigai
1310,0,0,0,0,0,0,0,0,0,0,0,ikigai
1311,0,0,0,0,1,0,0,1,0,1,1,ikigai
1312,0,1,0,0,1,0,1,1,0,1,1,ikigai
1313,0,0,0,0,0,0,0,0,0,0,0,ikigai
1314,0,0,0,0,1,0,0,1,0,1,1,ikigai
1315,0,0,0,0,0,0,0,1,0,1,1,ikigai
1316,0,1,0,0,1,0,1,1,0,1,1,ikigai
1317,0,1,0,0,1,0,1,1,0,1,1,ikigai
1318,0,0,0,0,0,0,0,0,0,0,0,ikigai
1319,0,2,0,0,1,0,0,1,0,3,3,ikigai
1320,0,0,0,0,0,0,0,0,0,0,0,ikigai
1321,0,0,0,0,0,0,0,0,0,2,2,ikigai
1322,0,1,0,0,1,0,1,1,0,1,1,ikigai
1323,0,0,0,0,0,0,0,0,0,0,0,ikigai
1324,0,0,0,0,0,0,0,0,0,1,1,ikigai
1325,0,0,0,0,1,0,0,1,0,2,2,ikigai
1326,0,0,0,0,0,0,0,0,0,0,0,ikigai
1327,0,2,0,0,1,0,1,1,0,2,2,ikigai
1328,0,0,0,0,0,0,0,0,0,0,0,ikigai
1329,0,0,0,0,0,0,0,0,0,0,0,ikigai
1330,0,1,1,0,0,0,0,0,1,0,-1,ikigai
1331,0,0,1,0,1,0,0,2,1,1,0,ikigai
1332,0,0,0,0,0,0,0,0,1,0,-1,ikigai
1333,0,0,0,0,0,0,0,0,0,0,0,ikigai
1334,0,1,0,0,1,0,1,1,0,1,1,ikigai
1335,0,0,0,0,0,0,0,0,0,0,0,ikigai
1336,0,0,0,0,0,0,0,0,0,0,0,ikigai
1337,0,0,0,0,0,0,0,0,0,0,0,ikigai
1338,0,0,0,0,0,0,0,0,0,1,1,ikigai
1339,0,1,0,0,1,0,1,1,0,1,1,ikigai
1340,0,0,0,0,0,0,0,0,0,0,0,ikigai
1341,0,1,0,0,1,0,1,1,0,1,1,ikigai
1342,0,2,0,0,2,0,2,2,0,2,2,ikigai
1343,0,1,0,0,1,0,1,1,0,1,1,ikigai
1344,0,0,0,0,0,0,0,0,0,0,0,ikigai
1345,0,1,0,0,1,0,1,1,0,2,2,ikigai
1346,0,2,0,0,2,1,1,3,0,3,3,ikigai
1347,0,0,0,0,2,0,0,1,0,2,2,ikigai
1348,0,0,0,0,0,0,0,0,0,0,0,ikigai
1349,0,0,0,0,0,0,0,0,0,0,0,ikigai
1350,0,0,0,0,0,0,0,0,0,0,0,ikigai
1351,0,0,0,0,1,0,0,0,0,2,2,ikigai
1352,1,1,0,0,1,0,1,1,0,2,2,ikigai
1353,0,1,0,0,1,0,0,1,0,2,2,ikigai
1354,0,0,0,0,0,0,0,0,0,0,0,ikigai
1355,0,0,0,0,0,0,0,0,0,0,0,ikigai
1356,0,0,0,0,0,0,0,0,0,2,2,ikigai
1357,0,0,0,0,0,0,0,0,0,0,0,ikigai
1358,0,1,0,0,1,0,1,1,0,1,1,ikigai
1359,0,0,0,0,0,0,0,0,0,0,0,ikigai
1360,0,0,0,0,0,1,0,0,1,0,-1,ikigai
1361,0,0,0,0,0,0,0,0,0,0,0,ikigai
1362,0,0,0,0,0,0,0,1,0,1,1,ikigai
1363,0,0,0,0,1,0,0,0,0,1,1,ikigai
1364,0,1,0,0,1,0,1,1,0,1,1,ikigai
1365,0,0,0,0,0,0,0,0,0,0,0,ikigai
1366,0,0,0,0,0,0,0,0,0,0,0,ikigai
1367,0,0,0,0,0,0,0,0,0,0,0,ikigai
1368,0,0,0,0,0,0,0,0,0,2,2,ikigai
1369,0,0,0,0,1,0,0,0,0,2,2,ikigai
1370,0,0,0,0,0,0,0,0,0,0,0,ikigai
1371,0,0,0,0,0,0,0,0,0,0,0,ikigai
1372,0,0,0,0,1,0,1,1,0,1,1,ikigai
1373,0,2,0,0,1,0,1,1,0,2,2,ikigai
1374,0,1,0,0,1,0,1,1,0,3,3,ikigai
1375,0,0,0,0,0,0,0,0,0,0,0,ikigai
1376,0,0,0,0,0,0,0,0,0,0,0,ikigai
1377,0,0,0,0,2,0,0,1,0,2,2,ikigai
1378,0,0,0,0,0,0,0,1,0,1,1,ikigai
1379,0,0,0,0,0,0,0,0,0,0,0,ikigai
1380,0,1,0,0,1,0,1,1,0,1,1,ikigai
1381,0,0,0,0,0,0,0,0,0,0,0,ikigai
1382,0,1,0,0,0,0,0,0,1,1,0,ikigai
1383,0,0,0,0,0,0,0,0,0,0,0,ikigai
1384,0,0,0,0,0,0,0,0,0,0,0,ikigai
1385,0,1,0,0,1,0,0,1,0,1,1,ikigai
1386,0,1,0,0,1,0,1,1,0,1,1,ikigai
1387,0,0,0,0,0,0,0,0,0,0,0,ikigai
1388,0,1,0,0,1,0,1,1,0,1,1,ikigai
1389,0,0,0,0,0,0,0,0,0,0,0,ikigai
1390,0,0,0,0,0,0,0,0,0,1,1,ikigai
1391,0,0,0,0,0,0,0,0,0,0,0,ikigai
1392,0,0,0,0,0,0,0,0,0,0,0,ikigai
1393,0,0,0,0,0,0,0,0,0,0,0,ikigai
1394,0,0,0,0,0,0,0,0,0,0,0,ikigai
1395,0,0,0,0,1,0,0,1,0,1,1,ikigai
1396,0,1,0,0,1,0,1,1,0,1,1,ikigai
1397,0,0,0,0,0,0,0,0,0,0,0,ikigai
1398,0,1,0,0,1,0,1,2,0,1,1,ikigai
1399,0,0,0,0,0,0,0,0,0,0,0,ikigai
1400,0,0,0,0,0,0,0,0,0,2,2,ikigai
1401,0,0,0,0,1,0,0,0,0,1,1,ikigai
1402,0,0,0,0,0,0,0,0,0,0,0,ikigai
1403,0,0,0,0,0,0,0,0,0,0,0,ikigai
1404,0,0,0,0,0,0,0,0,0,0,0,ikigai
1405,0,1,0,0,1,0,1,1,0,1,1,ikigai
1406,1,1,1,0,1,1,0,1,1,1,0,ikigai
1407,0,1,0,0,1,1,1,1,0,1,1,ikigai
1408,0,0,0,0,1,0,0,1,0,1,1,ikigai
1409,0,0,0,0,0,1,0,0,1,0,-1,ikigai
1410,0,0,0,0,0,0,0,0,0,0,0,ikigai
1411,0,0,0,0,0,0,0,0,0,2,2,ikigai
1412,0,0,0,0,0,0,0,0,0,0,0,ikigai
1413,0,0,0,0,0,0,0,0,0,0,0,ikigai
1414,0,0,0,0,0,0,0,0,0,0,0,ikigai
1415,0,0,0,0,0,0,0,0,0,0,0,ikigai
1416,0,0,0,0,0,0,0,1,0,1,1,ikigai
1417,0,1,0,0,1,0,1,1,0,1,1,ikigai
1418,0,0,0,0,0,0,0,0,0,0,0,ikigai
1419,0,0,0,0,0,0,0,0,0,0,0,ikigai
1420,0,1,1,1,1,1,0,1,2,1,-1,ikigai
1421,0,0,0,0,0,0,0,0,0,1,1,ikigai
1422,0,0,0,0,0,0,0,0,0,0,0,ikigai
1423,0,1,0,0,1,0,1,1,0,1,1,ikigai
1424,0,0,0,0,0,0,0,0,0,0,0,ikigai
1425,0,0,0,0,0,0,0,0,0,0,0,ikigai
1426,0,0,1,0,0,1,0,0,3,0,-3,ikigai
1427,0,1,0,0,2,0,1,2,0,2,2,ikigai
1428,0,1,0,0,1,0,1,1,0,1,1,ikigai
1429,0,0,0,0,0,0,0,0,0,0,0,ikigai
1430,0,1,0,0,1,0,1,1,0,1,1,ikigai
1431,0,0,0,0,0,0,0,0,0,0,0,ikigai
1432,0,0,0,0,0,0,0,0,0,0,0,ikigai
1433,0,0,0,0,0,0,0,0,0,0,0,ikigai
1434,0,1,0,0,1,0,1,2,0,2,2,ikigai
1435,0,0,0,0,0,0,0,1,0,2,2,ikigai
1436,0,1,0,0,1,0,1,1,0,1,1,ikigai
1437,0,0,0,0,0,0,0,0,0,0,0,ikigai
1438,0,0,0,0,0,0,0,0,0,0,0,ikigai
1439,0,0,0,0,0,0,0,0,0,0,0,ikigai
1440,0,1,0,0,1,0,1,1,0,1,1,ikigai
1441,0,0,0,0,0,0,0,0,0,0,0,ikigai
1442,0,0,0,0,0,0,0,1,0,0,0,ikigai
1443,0,0,0,0,0,0,0,0,0,0,0,ikigai
1444,0,0,0,0,0,0,0,1,0,1,1,ikigai
1445,0,1,0,0,1,0,1,1,0,2,2,ikigai
1446,0,0,0,0,1,0,0,1,0,1,1,ikigai
1447,0,1,0,0,1,0,1,1,0,1,1,ikigai
1448,0,0,0,0,0,0,0,0,0,0,0,ikigai
1449,0,0,0,0,0,0,0,1,1,1,0,ikigai
1450,0,0,0,0,0,0,0,0,0,0,0,ikigai
1451,0,0,0,0,0,0,0,0,0,0,0,ikigai
1452,0,0,0,0,0,0,0,0,0,0,0,ikigai
1453,0,1,0,0,1,0,1,1,0,1,1,ikigai
1454,0,1,0,0,0,0,0,0,0,0,0,ikigai
1455,1,1,1,0,1,0,1,1,1,2,1,ikigai
1456,1,0,0,0,0,1,0,0,1,0,-1,ikigai
1457,0,0,0,0,0,0,0,1,0,1,1,ikigai
1458,0,0,0,0,0,0,0,0,0,0,0,ikigai
1459,0,0,0,0,0,0,0,0,0,0,0,ikigai
1460,0,0,0,0,0,0,0,0,0,0,0,ikigai
1461,0,0,0,0,0,0,0,0,0,0,0,ikigai
1462,0,1,0,0,1,0,1,1,0,1,1,ikigai
1463,0,0,0,0,0,0,0,0,0,0,0,ikigai
1464,0,0,0,0,0,0,0,0,0,0,0,ikigai
1465,0,0,0,0,0,0,0,0,0,0,0,ikigai
1466,0,1,0,0,1,0,1,1,0,1,1,ikigai
1467,0,1,0,0,1,0,1,1,0,1,1,ikigai
1468,0,0,0,0,0,0,0,0,0,0,0,ikigai
1469,0,0,0,0,0,0,0,0,0,0,0,ikigai
1470,0,0,0,0,0,0,0,0,0,0,0,ikigai
1471,0,0,0,0,0,0,0,0,0,0,0,ikigai
1472,0,0,0,0,0,0,0,0,0,0,0,ikigai
1473,0,0,0,0,0,0,0,0,0,0,0,ikigai
1474,0,1,0,0,1,0,1,1,0,1,1,ikigai
1475,0,0,0,0,0,0,0,0,0,0,0,ikigai
1476,0,0,0,0,0,0,0,0,1,0,-1,ikigai
1477,0,0,0,0,0,0,0,0,0,0,0,ikigai
1478,0,0,0,0,0,0,0,1,0,1,1,ikigai
1479,0,0,0,0,0,0,0,0,0,0,0,ikigai
1480,0,1,0,0,1,0,1,1,0,1,1,ikigai
1481,0,1,0,0,1,0,1,1,0,1,1,ikigai
1482,0,1,0,0,1,0,1,1,0,1,1,ikigai
1483,0,0,0,0,0,0,0,0,0,0,0,ikigai
1484,0,0,0,0,0,0,0,0,0,0,0,ikigai
1485,0,0,0,0,0,0,1,0,0,1,1,ikigai
1486,0,0,0,0,0,0,0,0,0,0,0,ikigai
1487,1,0,1,1,0,1,0,0,1,0,-1,ikigai
1488,0,1,0,0,1,0,1,1,0,1,1,ikigai
1489,0,0,0,0,0,0,0,0,0,0,0,ikigai
1490,0,0,0,0,1,0,1,1,0,1,1,ikigai
1491,0,0,0,0,0,0,0,0,0,0,0,ikigai
1492,0,1,0,0,1,1,1,1,0,1,1,ikigai
1493,0,1,0,0,1,0,1,1,0,1,1,ikigai
1494,0,0,0,0,0,0,0,0,0,0,0,ikigai
1495,0,1,0,0,2,0,1,2,0,2,2,ikigai
1496,0,0,0,0,0,0,0,0,0,0,0,ikigai
1497,0,0,0,0,0,0,0,0,0,0,0,ikigai
1498,0,0,0,0,0,0,0,0,0,0,0,ikigai
1499,0,0,0,0,0,0,0,0,1,0,-1,ikigai
1500,0,0,0,0,0,0,0,0,0,0,0,ikigai
1501,0,0,0,0,0,0,0,0,0,0,0,ikigai
1502,0,1,0,0,1,0,1,1,0,1,1,ikigai
1503,0,2,0,0,1,1,1,0,0,2,2,ikigai
1504,0,0,1,0,0,0,0,0,1,0,-1,ikigai
1505,0,0,0,0,0,0,0,0,0,0,0,ikigai
1506,0,2,0,0,1,0,1,1,0,2,2,ikigai
1507,0,0,0,0,0,0,0,0,0,0,0,ikigai
1508,0,0,0,0,0,0,0,0,0,0,0,ikigai
1509,0,1,0,0,1,0,1,1,0,1,1,ikigai
1510,0,1,0,0,1,0,1,1,0,1,1,ikigai
1511,0,0,0,0,0,0,0,0,0,0,0,ikigai
1512,0,0,0,0,0,0,0,0,0,0,0,ikigai
1513,0,0,0,0,0,0,0,0,0,0,0,ikigai
1514,0,0,0,0,0,0,0,0,0,0,0,ikigai
1515,0,1,0,0,1,0,0,1,0,1,1,ikigai
1516,0,0,0,0,0,0,0,0,0,1,1,ikigai
1517,0,0,0,0,0,0,0,0,0,0,0,ikigai
1518,0,0,0,0,1,0,0,1,1,2,1,ikigai
1519,0,1,0,0,1,0,1,1,0,1,1,ikigai
1520,0,0,0,0,0,0,0,0,0,0,0,ikigai
1521,0,0,0,0,1,0,0,0,0,1,1,ikigai
1522,0,0,0,0,1,0,1,1,0,1,1,ikigai
1523,0,2,1,0,1,0,1,1,1,1,0,ikigai
1524,0,0,0,0,0,0,0,0,0,0,0,ikigai
1525,0,0,0,0,0,0,0,0,0,0,0,ikigai
1526,0,0,0,0,0,0,0,0,0,0,0,ikigai
1527,0,0,0,0,0,0,0,0,0,0,0,ikigai
1528,0,0,0,0,0,0,0,0,0,0,0,ikigai
1529,0,0,0,0,0,0,0,0,0,0,0,ikigai
1530,0,0,0,0,0,0,0,0,0,0,0,ikigai
1531,0,0,0,0,0,0,0,0,0,0,0,ikigai
1532,0,0,0,0,0,0,0,0,0,0,0,ikigai
1533,0,0,0,0,0,0,0,0,0,0,0,ikigai
1534,0,0,0,0,0,0,0,0,0,0,0,ikigai
1535,0,0,0,0,0,0,0,0,0,0,0,ikigai
1536,0,0,0,0,0,0,0,0,0,0,0,ikigai
1537,0,0,0,0,0,0,0,0,0,0,0,ikigai
1538,0,1,0,0,1,0,1,1,0,1,1,ikigai
1539,0,1,0,0,1,0,1,2,0,1,1,ikigai
1540,0,0,0,0,0,0,0,0,0,1,1,ikigai
1541,0,0,0,0,0,1,0,1,1,0,-1,ikigai
1542,0,0,0,0,0,0,0,0,0,0,0,ikigai
1543,0,1,0,0,0,0,0,0,0,0,0,ikigai
1544,0,1,0,0,1,0,1,1,0,1,1,ikigai
1545,0,0,0,0,0,0,0,0,0,0,0,ikigai
1546,0,0,0,0,0,0,0,0,0,0,0,ikigai
1547,0,0,0,0,0,0,0,0,0,0,0,ikigai
1548,0,0,0,0,0,0,0,0,0,0,0,ikigai
1549,0,0,0,0,2,0,0,1,0,2,2,ikigai
1550,0,0,0,0,0,0,0,0,0,0,0,ikigai
1551,0,0,0,0,1,0,0,0,0,1,1,ikigai
1552,0,0,0,0,0,0,0,0,0,1,1,ikigai
1553,0,0,0,0,0,0,0,2,0,0,0,ikigai
1554,0,0,0,0,0,0,0,1,0,1,1,ikigai
1555,0,0,0,0,0,0,0,0,0,0,0,ikigai
1556,0,0,0,0,0,0,0,0,0,0,0,ikigai
1557,0,0,0,0,0,0,0,0,0,0,0,ikigai
1558,0,0,0,0,0,0,0,0,0,0,0,ikigai
1559,0,0,0,0,0,0,0,0,0,0,0,ikigai
1560,0,0,0,0,0,0,0,0,0,0,0,ikigai
1561,0,0,0,0,1,0,0,1,0,1,1,ikigai
1562,1,0,1,1,0,1,0,1,1,0,-1,ikigai
1563,0,1,0,0,1,0,1,1,0,1,1,ikigai
1564,0,0,0,0,0,0,0,0,0,0,0,ikigai
1565,0,0,0,0,2,0,0,2,0,2,2,ikigai
1566,0,1,0,0,1,0,1,1,0,1,1,ikigai
1567,0,0,0,0,0,0,0,0,0,0,0,ikigai
1568,0,1,0,0,1,0,1,1,0,1,1,ikigai
1569,0,0,0,0,0,0,0,0,0,0,0,ikigai
1570,0,0,0,0,0,0,0,0,0,0,0,ikigai
1571,0,0,0,0,0,0,0,0,0,0,0,ikigai
1572,0,0,0,0,0,0,0,0,0,0,0,ikigai
1573,0,0,0,0,0,0,0,0,0,0,0,ikigai
1574,0,0,0,0,0,0,0,0,0,0,0,ikigai
1575,0,0,0,0,0,0,0,1,0,1,1,ikigai
1576,0,0,0,0,0,0,0,0,0,0,0,ikigai
1577,0,0,0,0,0,0,0,0,0,0,0,ikigai
1578,0,0,0,0,0,0,0,4,0,4,4,ikigai
1579,1,5,1,2,4,2,2,5,2,8,6,ikigai
1580,0,2,0,0,6,0,2,4,1,9,8,ikigai
1581,1,3,1,2,2,2,1,6,3,10,7,ikigai
1582,0,4,0,0,5,0,2,4,1,7,6,ikigai
1583,1,12,1,4,9,3,5,12,4,24,20,ikigai
1584,2,9,2,3,10,4,5,11,6,23,17,ikigai
1585,2,7,0,1,6,0,1,4,2,9,7,ikigai
1586,1,1,0,1,2,0,0,4,1,5,4,ikigai
1587,2,8,1,2,13,1,5,13,4,27,23,ikigai
1588,4,1,2,4,1,5,3,4,7,3,-4,ikigai
1589,0,5,0,1,2,0,0,4,0,5,5,ikigai
1590,2,9,1,2,9,0,2,6,1,13,12,ikigai
1591,2,4,1,2,4,1,2,3,2,7,5,ikigai
1592,3,4,2,3,5,3,1,8,4,9,5,ikigai
1593,0,9,1,1,8,0,3,11,2,19,17,ikigai
1594,0,8,0,0,6,0,2,9,1,10,9,ikigai
1595,3,15,3,3,15,5,6,14,4,26,22,ikigai
1596,0,3,0,0,6,0,1,4,1,7,6,ikigai
1597,2,1,0,1,1,1,1,2,3,5,2,ikigai
1598,0,4,0,0,2,0,1,5,1,8,7,ikigai
1599,2,6,3,1,3,3,0,3,3,6,3,ikigai
1600,0,0,0,0,1,0,0,2,0,4,4,ikigai
1601,1,2,1,0,1,1,1,1,1,4,3,ikigai
1602,0,2,0,0,2,0,3,5,1,9,8,ikigai
1603,1,3,0,2,1,1,2,2,4,3,-1,ikigai
1604,0,0,0,1,0,1,0,1,1,1,0,ikigai
1605,1,1,1,0,1,1,0,1,1,3,2,ikigai
1606,3,1,3,2,0,3,0,1,3,2,-1,ikigai
1607,1,0,1,0,3,0,0,2,2,8,6,ikigai
1608,0,1,0,1,0,1,0,0,1,2,1,ikigai
1609,0,2,0,1,0,0,0,0,1,2,1,ikigai
1610,0,1,0,0,2,0,1,2,0,5,5,ikigai
1611,0,6,0,0,7,1,3,7,1,10,9,ikigai
1612,1,0,0,0,3,0,0,5,3,8,5,ikigai
1613,0,5,0,1,5,1,1,4,1,7,6,ikigai
1614,0,1,0,0,2,0,1,3,1,4,3,ikigai
1615,0,4,0,1,4,0,1,5,1,7,6,ikigai
1616,1,3,1,1,3,1,1,4,0,6,6,ikigai
1617,0,5,0,1,7,1,2,5,0,10,10,ikigai
1618,0,0,0,0,1,0,0,3,0,6,6,ikigai
1619,1,1,0,1,0,0,0,1,1,0,-1,ikigai
1620,0,1,0,0,2,0,0,2,0,2,2,ikigai
1621,0,2,0,2,2,1,2,3,2,3,1,ikigai
1622,0,4,0,0,3,0,0,4,1,4,3,ikigai
1623,3,5,2,3,5,3,3,6,4,12,8,ikigai
1624,0,0,0,0,0,0,0,1,0,2,2,ikigai
1625,0,1,0,0,1,0,0,1,0,4,4,ikigai
1626,0,1,0,0,1,0,0,3,1,3,2,ikigai
1627,0,0,0,0,0,0,0,1,1,2,1,ikigai
1628,0,1,0,0,1,0,1,1,1,1,0,ikigai
1629,0,1,0,0,1,0,0,2,0,2,2,ikigai
1630,0,1,0,0,0,0,0,1,0,3,3,ikigai
1631,0,1,0,0,2,0,0,1,0,4,4,ikigai
1632,0,0,0,1,1,0,1,2,1,5,4,ikigai
1633,0,2,0,0,2,0,2,3,1,4,3,ikigai
1634,1,3,0,0,4,0,3,5,0,5,5,ikigai
1635,0,0,0,0,0,0,0,0,0,1,1,ikigai
1636,0,1,1,1,1,2,1,1,2,3,1,ikigai
1637,0,3,0,0,1,0,0,1,0,1,1,ikigai
1638,1,2,0,0,2,0,2,2,0,4,4,ikigai
1639,0,2,0,0,2,0,1,2,0,4,4,ikigai
1640,0,0,0,0,0,0,0,0,0,2,2,ikigai
1641,0,3,0,0,2,0,1,2,0,6,6,ikigai
1642,0,1,0,0,3,0,1,4,0,7,7,ikigai
1643,0,0,0,0,1,0,0,3,0,5,5,ikigai
1644,1,0,0,0,1,0,0,1,1,2,1,ikigai
1645,0,0,0,0,0,0,0,1,0,0,0,ikigai
1646,0,1,0,1,1,0,1,1,0,1,1,ikigai
1647,0,0,0,0,0,0,0,1,0,2,2,ikigai
1648,0,1,0,0,1,0,1,1,0,2,2,ikigai
1649,0,0,0,0,1,0,1,3,0,4,4,ikigai
1650,0,0,0,0,1,0,0,0,0,1,1,ikigai
1651,1,1,0,0,1,1,1,1,1,1,0,ikigai
1652,0,1,0,0,0,0,0,0,1,2,1,ikigai
1653,0,1,0,0,1,0,1,1,0,4,4,ikigai
1654,0,1,0,0,1,0,1,2,0,4,4,ikigai
1655,0,0,0,0,0,0,0,2,0,2,2,ikigai
1656,0,3,0,0,6,0,2,6,0,7,7,ikigai
1657,0,0,0,0,2,0,0,2,0,3,3,ikigai
1658,0,0,0,0,0,0,0,0,0,2,2,ikigai
1659,0,0,0,0,1,0,0,0,0,1,1,ikigai
1660,0,1,0,0,1,0,1,1,0,3,3,ikigai
1661,0,1,0,0,1,0,0,1,1,3,2,ikigai
1662,0,1,0,0,1,0,0,1,0,2,2,ikigai
1663,0,0,0,0,0,0,0,0,0,0,0,ikigai
1664,0,0,0,0,0,0,0,0,1,0,-1,ikigai
1665,0,2,0,0,1,0,2,2,0,3,3,ikigai
1666,0,1,0,0,2,0,1,2,0,2,2,ikigai
1667,1,4,0,0,4,0,3,3,0,5,5,ikigai
1668,0,0,0,0,0,0,0,0,0,0,0,ikigai
1669,0,0,0,0,1,0,0,2,0,2,2,ikigai
1670,0,1,0,0,1,0,0,1,0,2,2,ikigai
1671,0,1,0,0,0,0,0,0,1,0,-1,ikigai
1672,0,1,0,1,1,0,1,2,1,3,2,ikigai
1673,0,2,0,0,1,0,1,1,0,2,2,ikigai
1674,1,2,1,2,3,2,2,1,2,3,1,ikigai
1675,0,0,0,0,0,0,0,0,0,0,0,ikigai
1676,0,4,0,1,2,0,1,1,1,3,2,ikigai
1677,0,0,0,0,2,0,0,0,0,3,3,ikigai
1678,0,2,1,0,1,0,0,0,1,1,0,ikigai
1679,0,0,0,0,1,0,0,1,0,2,2,ikigai
1680,0,0,0,0,0,0,0,0,0,1,1,ikigai
1681,0,1,0,0,1,0,1,2,0,4,4,ikigai
1682,1,1,1,1,0,1,1,1,1,2,1,ikigai
1683,0,2,0,0,2,0,1,1,0,2,2,ikigai
1684,0,2,0,0,2,0,1,1,0,3,3,ikigai
1685,0,1,0,0,1,0,1,1,0,1,1,ikigai
1686,0,0,0,0,1,0,0,1,0,3,3,ikigai
1687,0,0,0,0,0,0,0,0,0,1,1,ikigai
1688,0,3,0,0,3,0,0,1,0,3,3,ikigai
1689,0,0,0,0,0,0,0,0,0,2,2,ikigai
1690,1,1,1,0,1,1,1,0,1,2,1,ikigai
1691,0,0,0,0,0,0,0,0,0,0,0,ikigai
1692,0,0,0,0,0,0,0,0,0,0,0,ikigai
1693,0,4,0,0,3,0,0,4,0,3,3,ikigai
1694,0,2,0,0,1,0,0,2,0,2,2,ikigai
1695,0,0,0,0,1,0,0,1,0,1,1,ikigai
1696,0,1,0,0,1,0,0,0,0,1,1,ikigai
1697,0,1,0,0,1,0,1,1,0,2,2,ikigai
1698,2,0,2,1,0,2,0,1,3,1,-2,ikigai
1699,0,1,0,0,1,0,1,1,0,2,2,ikigai
1700,0,1,0,0,1,0,1,0,0,1,1,ikigai
1701,0,0,0,0,0,0,0,1,0,1,1,ikigai
1702,0,2,0,0,2,0,0,2,0,2,2,ikigai
1703,0,0,0,0,0,0,0,0,0,1,1,ikigai
1704,0,0,0,1,0,2,0,0,2,0,-2,ikigai
1705,0,2,0,0,1,0,1,0,1,1,0,ikigai
1706,0,1,0,0,0,0,0,0,0,0,0,ikigai
1707,0,0,0,0,0,0,0,1,0,1,1,ikigai
1708,0,1,0,0,0,0,0,1,0,0,0,ikigai
1709,0,1,0,0,2,0,1,1,0,3,3,ikigai
1710,0,2,0,0,1,0,1,1,0,3,3,ikigai
1711,0,1,0,0,0,0,0,0,0,1,1,ikigai
1712,0,0,0,0,0,0,0,0,0,1,1,ikigai
1713,0,1,0,0,1,0,0,1,0,2,2,ikigai
1714,0,2,0,0,2,0,2,3,0,4,4,ikigai
1715,0,2,0,0,1,0,0,2,0,2,2,ikigai
1716,0,0,0,0,0,0,0,0,0,0,0,ikigai
1717,0,2,1,0,1,0,1,1,1,2,1,ikigai
1718,0,1,0,0,2,0,1,3,0,2,2,ikigai
1719,1,0,1,1,0,1,0,0,2,0,-2,ikigai
1720,0,1,0,0,1,0,1,1,0,1,1,ikigai
1721,0,1,0,0,1,0,0,1,0,1,1,ikigai
1722,0,0,0,0,1,0,0,1,0,2,2,ikigai
1723,0,2,0,0,2,0,0,2,0,4,4,ikigai
1724,0,1,0,0,1,0,1,0,0,1,1,ikigai
1725,0,1,0,0,1,0,1,1,0,2,2,ikigai
1726,0,1,0,0,1,0,1,1,0,1,1,ikigai
1727,0,0,0,0,0,0,0,0,0,0,0,ikigai
1728,0,1,0,0,1,0,1,1,0,2,2,ikigai
1729,0,1,0,0,1,0,0,1,0,3,3,ikigai
1730,0,0,0,0,0,0,0,0,0,0,0,ikigai
1731,1,1,1,0,1,0,1,1,1,2,1,ikigai
1732,0,0,0,0,0,0,0,0,0,2,2,ikigai
1733,0,0,0,0,1,0,0,1,0,1,1,ikigai
1734,0,3,0,0,3,0,1,3,0,4,4,ikigai
1735,0,0,0,0,1,0,0,1,0,3,3,ikigai
1736,0,0,0,0,0,0,0,0,0,1,1,ikigai
1737,0,0,0,0,1,0,0,0,0,1,1,ikigai
1738,0,1,0,0,2,0,1,2,0,2,2,ikigai
1739,0,0,0,0,0,0,0,0,0,0,0,ikigai
1740,0,0,0,0,0,0,0,0,0,1,1,ikigai
1741,0,0,0,0,0,0,0,0,0,0,0,ikigai
1742,0,0,0,0,1,0,0,0,0,2,2,ikigai
1743,0,0,0,0,1,0,0,1,0,2,2,ikigai
1744,0,0,0,0,0,0,0,0,0,0,0,ikigai
1745,0,1,0,0,1,0,1,0,0,2,2,ikigai
1746,0,0,0,0,1,0,0,1,0,1,1,ikigai
1747,0,0,0,0,0,0,0,0,0,0,0,ikigai
1748,0,1,0,0,0,0,0,0,0,0,0,ikigai
1749,0,2,0,0,1,0,1,0,0,1,1,ikigai
1750,0,0,0,0,0,0,0,0,0,2,2,ikigai
1751,0,0,0,0,0,0,0,0,0,1,1,ikigai
1752,0,0,0,0,0,0,0,0,0,0,0,ikigai
1753,0,0,0,0,0,0,0,0,0,1,1,ikigai
1754,0,0,0,0,0,0,0,0,0,0,0,ikigai
1755,0,0,0,0,0,0,0,0,0,1,1,ikigai
1756,0,0,0,0,0,0,0,0,0,0,0,ikigai
1757,0,0,0,0,0,0,0,0,0,0,0,ikigai
1758,0,0,0,0,0,0,0,0,0,0,0,ikigai
1759,0,1,0,0,1,0,1,1,0,1,1,ikigai
1760,0,0,0,0,0,0,0,0,0,1,1,ikigai
1761,0,0,0,0,0,0,0,0,0,0,0,ikigai
1762,0,0,0,0,0,0,0,0,0,0,0,ikigai
1763,0,0,0,0,1,0,1,1,0,1,1,ikigai
1764,0,0,0,0,0,0,0,1,0,1,1,ikigai
1765,0,2,0,0,1,0,1,2,0,3,3,ikigai
1766,0,4,0,0,4,0,0,3,1,8,7,ikigai
1767,1,2,0,1,2,2,1,4,2,2,0,ikigai
1768,0,1,0,0,1,0,0,1,1,2,1,ikigai
1769,0,4,1,0,4,1,2,3,1,4,3,ikigai
1770,0,2,0,1,3,0,1,1,2,5,3,ikigai
1771,0,3,0,0,3,0,2,2,0,4,4,ikigai
1772,0,0,0,0,0,1,0,0,0,2,2,ikigai
1773,1,1,1,0,1,1,2,2,1,3,2,ikigai
1774,0,0,0,0,0,0,0,0,0,0,0,ikigai
1775,0,0,0,0,1,0,0,0,0,2,2,ikigai
1776,0,2,0,0,3,0,1,3,0,3,3,ikigai
1777,0,0,0,0,0,0,0,0,0,1,1,ikigai
1778,0,0,0,0,1,0,0,0,0,1,1,ikigai
1779,0,3,0,0,3,0,1,3,0,6,6,ikigai
1780,0,3,0,0,3,0,2,3,0,3,3,ikigai
1781,0,0,0,0,0,0,0,1,0,1,1,ikigai
1782,0,1,0,0,1,0,1,2,0,1,1,ikigai
1783,0,1,0,0,1,0,1,2,0,1,1,ikigai
1784,0,1,0,0,1,0,1,2,0,2,2,ikigai
1785,0,0,0,0,1,1,0,2,2,2,0,ikigai
1786,0,1,0,0,1,0,0,1,0,1,1,ikigai
1787,1,0,0,0,2,0,0,1,1,2,1,ikigai
1788,0,1,0,0,1,0,1,2,0,1,1,ikigai
1789,0,0,0,0,0,0,0,1,0,3,3,ikigai
1790,0,2,0,0,1,0,1,1,1,2,1,ikigai
1791,0,0,0,0,0,0,0,2,0,3,3,ikigai
1792,0,2,0,0,2,1,0,2,1,3,2,ikigai
1793,0,0,0,0,0,0,0,1,1,4,3,ikigai
1794,0,0,0,0,0,0,0,0,0,0,0,ikigai
1795,0,0,0,0,0,0,0,1,0,0,0,ikigai
1796,0,1,1,0,1,0,1,1,1,1,0,ikigai
1797,0,2,0,0,1,0,0,1,0,1,1,ikigai
1798,0,1,0,0,1,1,1,2,0,4,4,ikigai
1799,1,1,0,0,1,0,1,1,0,1,1,ikigai
1800,0,0,0,0,0,0,0,0,0,0,0,ikigai
1801,0,0,0,0,0,0,0,0,0,0,0,ikigai
1802,0,0,0,0,0,0,0,1,0,2,2,ikigai
1803,0,0,0,0,0,0,0,0,0,0,0,ikigai
1804,0,3,0,0,2,0,1,2,1,4,3,ikigai
1805,0,0,0,0,0,0,0,1,0,0,0,ikigai
1806,0,1,0,0,1,0,1,1,0,1,1,ikigai
1807,0,0,0,0,0,0,0,0,0,0,0,ikigai
1808,0,0,0,0,0,0,0,0,0,0,0,ikigai
1809,0,1,0,0,1,0,1,1,0,1,1,ikigai
1810,0,0,0,0,0,0,0,0,0,0,0,ikigai
1811,0,0,0,0,1,0,1,1,0,1,1,ikigai
1812,0,0,0,0,0,0,0,0,1,0,-1,ikigai
1813,0,1,0,0,1,0,1,1,0,3,3,ikigai
1814,0,1,0,0,1,0,1,1,0,1,1,ikigai
1815,0,0,0,0,0,0,0,0,0,1,1,ikigai
1816,0,1,0,0,1,0,1,1,0,1,1,ikigai
1817,0,0,0,0,0,0,0,0,0,0,0,ikigai
1818,0,3,0,0,2,0,1,3,1,2,1,ikigai
1819,0,0,0,0,0,0,0,0,0,1,1,ikigai
1820,0,1,0,0,1,0,1,2,0,1,1,ikigai
1821,0,1,0,0,1,0,1,2,1,2,1,ikigai
1822,0,0,0,0,0,0,0,0,0,0,0,ikigai
1823,0,0,0,0,0,0,0,0,0,0,0,ikigai
1824,0,3,0,0,3,0,1,2,0,4,4,ikigai
1825,0,0,0,0,0,0,0,0,1,0,-1,ikigai
1826,0,2,0,0,1,0,1,1,0,2,2,ikigai
1827,0,0,0,0,0,0,0,0,0,0,0,ikigai
1828,0,1,0,0,1,0,1,1,0,1,1,ikigai
1829,0,0,0,0,0,0,0,1,0,0,0,ikigai
1830,0,1,0,0,1,0,0,1,0,1,1,ikigai
1831,0,1,0,0,1,0,0,1,0,1,1,ikigai
1832,0,0,0,0,0,0,0,0,0,0,0,ikigai
1833,0,0,0,0,0,0,0,0,0,0,0,ikigai
1834,0,1,0,0,1,0,1,1,0,1,1,ikigai
1835,0,0,0,0,1,0,1,1,0,1,1,ikigai
1836,0,1,1,1,1,1,1,1,1,2,1,ikigai
1837,0,0,0,0,0,0,0,0,0,0,0,ikigai
1838,0,0,0,0,0,0,0,0,0,0,0,ikigai
1839,0,0,0,0,0,0,0,0,0,0,0,ikigai
1840,0,0,0,0,0,0,0,0,0,0,0,ikigai
1841,0,0,0,0,0,0,0,0,0,0,0,ikigai
1842,0,0,0,0,0,0,0,0,0,0,0,ikigai
1843,0,0,0,0,0,0,0,0,0,0,0,ikigai
1844,0,0,0,0,0,0,0,0,0,0,0,ikigai
1845,0,0,0,0,0,0,0,0,0,0,0,ikigai
1846,0,0,0,0,0,0,0,0,0,1,1,ikigai
1847,0,0,0,0,0,0,0,0,0,0,0,ikigai
1848,0,0,0,0,0,0,0,0,0,0,0,ikigai
1849,0,0,0,0,0,0,0,0,0,0,0,ikigai
1850,0,0,0,0,0,0,0,0,0,0,0,ikigai
1851,0,5,0,0,6,0,4,6,1,7,6,ikigai
1852,1,2,0,0,1,0,1,2,1,5,4,ikigai
1853,2,6,1,2,7,2,4,11,7,26,19,ikigai
1854,0,0,0,0,1,0,0,3,0,5,5,ikigai
1855,0,1,0,0,0,0,0,0,1,1,0,ikigai
1856,0,0,0,0,0,0,0,0,0,0,0,ikigai
1857,3,2,1,3,2,3,2,3,9,8,-1,ikigai
1858,0,1,0,0,1,0,1,0,0,1,1,ikigai
1859,0,1,0,0,1,0,1,1,0,3,3,ikigai
1860,0,0,0,0,0,0,0,0,0,0,0,ikigai
1861,0,0,0,0,2,0,0,0,0,2,2,ikigai
1862,0,0,0,0,0,0,0,0,0,1,1,ikigai
1863,0,1,0,0,0,0,0,1,0,0,0,ikigai
1864,0,0,0,0,0,0,0,0,0,0,0,ikigai
1865,0,2,0,0,2,0,2,2,0,2,2,ikigai
1866,1,6,1,1,4,0,2,5,2,12,10,ikigai
1867,0,2,0,0,2,0,0,5,0,8,8,ikigai
1868,0,2,0,0,2,0,0,2,1,6,5,ikigai
1869,0,2,0,0,1,0,0,2,0,7,7,ikigai
1870,0,2,0,0,3,1,0,2,1,6,5,ikigai
1871,3,11,1,2,11,2,5,13,8,18,10,ikigai
1872,2,5,1,0,4,2,3,6,4,11,7,ikigai
1873,1,2,1,0,1,2,1,3,3,3,0,ikigai
1874,1,4,1,2,3,1,1,3,2,3,1,ikigai
1875,0,0,0,0,0,0,0,0,0,3,3,ikigai
1876,0,2,1,1,1,0,1,4,1,4,3,ikigai
1877,0,0,0,0,3,0,2,2,0,7,7,ikigai
1878,0,1,0,0,3,0,2,5,0,5,5,ikigai
1879,1,4,1,0,5,1,1,9,7,21,14,ikigai
1880,0,0,0,0,1,0,0,1,0,2,2,ikigai
1881,0,0,0,0,0,0,0,2,0,0,0,ikigai
1882,0,0,0,0,1,0,0,2,0,1,1,ikigai
1883,1,0,1,1,0,2,0,1,2,5,3,ikigai
1884,0,4,0,0,4,0,2,5,1,10,9,ikigai
1885,0,2,0,0,1,0,0,2,0,5,5,ikigai
1886,1,6,0,2,6,2,3,9,2,18,16,ikigai
1887,2,0,2,0,0,1,0,3,2,4,2,ikigai
1888,0,0,0,0,1,0,0,3,0,6,6,ikigai
1889,0,0,0,0,0,0,0,1,0,5,5,ikigai
1890,0,3,0,0,2,1,2,5,1,6,5,ikigai
1891,0,4,0,0,3,0,1,5,0,9,9,ikigai
1892,0,1,0,1,4,1,1,8,2,8,6,ikigai
1893,0,1,0,0,1,0,0,2,0,5,5,ikigai
1894,0,0,0,0,0,0,0,0,0,0,0,ikigai
1895,0,1,0,1,2,1,1,1,0,3,3,ikigai
1896,0,2,0,0,1,0,0,0,0,2,2,ikigai
1897,1,6,0,2,4,0,1,3,2,11,9,ikigai
1898,0,1,0,0,0,1,0,0,0,3,3,ikigai
1899,0,0,0,0,2,0,0,1,0,2,2,ikigai
1900,0,2,0,0,3,0,1,4,0,6,6,ikigai
1901,0,4,1,0,3,1,1,2,0,10,10,ikigai
1902,0,0,0,1,2,1,0,2,2,4,2,ikigai
1903,0,2,0,0,1,1,1,1,2,3,1,ikigai
1904,0,3,1,1,2,2,0,10,1,11,10,ikigai
1905,0,1,0,1,1,0,0,0,2,1,-1,ikigai
1906,0,1,0,1,1,0,0,2,1,4,3,ikigai
1907,0,1,0,1,2,1,0,3,1,5,4,ikigai
1908,0,0,0,0,2,0,0,4,0,9,9,ikigai
1909,0,2,0,0,3,0,0,3,2,7,5,ikigai
1910,0,1,0,0,2,0,0,4,0,6,6,ikigai
1911,0,1,0,1,2,0,0,2,0,3,3,ikigai
1912,0,1,0,0,1,0,0,2,1,7,6,ikigai
1913,0,2,0,0,1,0,0,2,1,1,0,ikigai
1914,1,2,1,0,1,0,0,2,3,3,0,ikigai
1915,1,2,0,0,2,1,1,2,2,7,5,ikigai
1916,0,2,0,0,4,1,2,7,7,5,-2,ikigai
1917,0,1,0,0,1,1,1,1,0,2,2,ikigai
1918,0,1,0,0,0,0,0,2,0,2,2,ikigai
1919,0,0,0,0,0,0,0,1,0,2,2,ikigai
1920,1,1,1,0,1,0,0,3,3,7,4,ikigai
1921,0,2,0,0,3,0,0,2,0,4,4,ikigai
1922,0,3,0,1,1,1,0,5,1,4,3,ikigai
1923,0,1,0,1,1,0,1,1,0,3,3,ikigai
1924,1,0,0,0,0,0,0,2,1,3,2,ikigai
1925,1,0,0,1,1,1,1,1,1,1,0,ikigai
1926,1,1,1,1,0,1,0,1,2,0,-2,ikigai
1927,1,2,1,0,0,0,1,2,1,3,2,ikigai
1928,1,3,0,0,3,1,1,3,1,8,7,ikigai
1929,0,3,0,0,2,1,2,5,0,6,6,ikigai
1930,1,4,0,0,4,0,1,4,1,8,7,ikigai
1931,1,2,0,0,2,1,1,1,1,6,5,ikigai
1932,0,3,0,0,2,0,2,2,0,4,4,ikigai
1933,0,0,0,0,1,0,0,1,0,1,1,ikigai
1934,0,2,0,0,2,1,2,2,0,3,3,ikigai
1935,0,3,0,0,0,0,0,0,0,1,1,ikigai
1936,1,1,0,0,0,0,0,1,1,1,0,ikigai
1937,0,2,0,0,2,0,1,1,0,4,4,ikigai
1938,0,2,0,0,1,0,0,1,0,3,3,ikigai
1939,0,0,0,0,1,1,1,3,1,4,3,ikigai
1940,0,2,0,0,2,0,2,2,0,4,4,ikigai
1941,0,1,0,0,1,0,0,2,0,5,5,ikigai
1942,0,0,0,0,0,0,0,0,0,1,1,ikigai
1943,0,1,0,0,1,0,1,1,0,1,1,ikigai
1944,0,0,0,0,0,0,0,0,0,1,1,ikigai
1945,0,3,0,0,1,0,0,1,0,3,3,ikigai
1946,0,1,0,0,1,0,1,1,1,1,0,ikigai
1947,0,2,0,2,3,1,2,2,1,4,3,ikigai
1948,0,0,0,0,1,0,0,2,0,1,1,ikigai
1949,0,0,0,1,0,0,0,1,0,3,3,ikigai
1950,0,0,0,0,2,0,0,2,0,4,4,ikigai
1951,1,3,1,1,2,2,1,2,1,2,1,ikigai
1952,0,1,0,0,1,0,1,3,0,3,3,ikigai
1953,0,2,1,0,2,2,2,2,0,4,4,ikigai
1954,0,0,0,0,0,0,0,0,0,0,0,ikigai
1955,0,2,0,0,1,0,0,1,1,3,2,ikigai
1956,0,0,0,0,0,0,0,1,0,1,1,ikigai
1957,0,1,0,0,0,0,0,0,0,1,1,ikigai
1958,0,1,0,0,0,0,0,1,0,1,1,ikigai
1959,0,2,0,0,2,1,1,2,1,2,1,ikigai
1960,0,0,0,0,0,0,0,1,0,0,0,ikigai
1961,0,1,1,0,2,0,0,2,1,2,1,ikigai
1962,0,1,0,0,1,0,0,3,0,4,4,ikigai
1963,0,2,0,0,2,0,1,2,0,2,2,ikigai
1964,0,0,0,1,1,0,0,1,0,3,3,ikigai
1965,0,1,0,0,0,0,0,0,0,0,0,ikigai
1966,0,0,0,0,1,0,0,1,0,1,1,ikigai
1967,0,1,0,0,1,0,1,1,0,2,2,ikigai
1968,0,0,0,0,0,0,0,0,0,0,0,ikigai
1969,0,0,0,0,2,0,0,1,0,2,2,ikigai
1970,0,1,0,0,0,0,0,1,0,1,1,ikigai
1971,0,1,0,0,1,0,1,2,0,3,3,ikigai
1972,2,2,2,1,1,0,0,1,2,1,-1,ikigai
1973,0,1,0,0,2,1,0,2,1,3,2,ikigai
1974,0,0,0,1,2,0,0,2,1,2,1,ikigai
1975,0,1,0,0,1,0,0,1,0,4,4,ikigai
1976,0,0,0,0,0,0,0,0,1,2,1,ikigai
1977,0,0,0,0,0,0,0,0,0,0,0,ikigai
1978,0,1,0,1,1,0,1,0,1,1,0,ikigai
1979,0,4,0,0,3,1,3,2,0,5,5,ikigai
1980,0,2,0,0,2,1,1,2,0,4,4,ikigai
1981,0,0,0,0,0,0,0,0,0,0,0,ikigai
1982,0,0,0,0,0,0,0,3,0,4,4,ikigai
1983,0,0,0,0,0,0,0,0,0,0,0,ikigai
1984,0,1,0,0,1,1,1,1,0,1,1,ikigai
1985,0,1,0,0,0,0,0,1,1,3,2,ikigai
1986,0,0,0,0,0,0,0,0,0,1,1,ikigai
1987,0,3,0,0,2,0,1,2,0,3,3,ikigai
1988,0,0,0,0,1,0,0,1,0,1,1,ikigai
1989,0,1,0,0,2,0,1,4,0,4,4,ikigai
1990,0,0,0,0,0,0,0,1,0,2,2,ikigai
1991,0,0,0,0,0,0,0,1,0,1,1,ikigai
1992,0,3,0,0,3,0,3,1,0,3,3,ikigai
1993,0,1,0,0,1,0,1,1,0,2,2,ikigai
1994,0,0,0,0,0,0,0,0,0,0,0,ikigai
1995,0,0,0,0,0,0,0,0,0,0,0,ikigai
1996,0,0,0,0,0,0,0,0,0,0,0,ikigai
1997,0,1,0,0,1,0,0,2,0,3,3,ikigai
1998,0,1,0,0,2,0,2,2,1,3,2,ikigai
1999,1,3,1,2,0,1,0,1,3,2,-1,ikigai
2000,0,0,0,0,0,0,0,0,0,1,1,ikigai
2001,0,1,0,0,1,0,1,1,0,1,1,ikigai
2002,0,0,0,1,0,0,0,0,1,0,-1,ikigai
2003,0,0,0,0,1,0,0,2,0,5,5,ikigai
2004,0,1,0,0,1,1,1,2,0,4,4,ikigai
2005,0,2,0,0,2,0,1,2,0,3,3,ikigai
2006,0,2,0,0,2,0,1,2,0,2,2,ikigai
2007,0,1,0,0,2,0,1,1,0,2,2,ikigai
2008,0,1,0,0,1,0,1,1,0,1,1,ikigai
2009,0,2,0,1,2,0,2,1,1,3,2,ikigai
2010,0,0,0,0,0,0,0,1,0,0,0,ikigai
2011,0,0,0,0,0,0,0,1,0,1,1,ikigai
2012,0,1,0,0,1,0,0,2,0,2,2,ikigai
2013,0,0,0,0,0,0,0,0,0,2,2,ikigai
2014,0,0,0,0,0,0,0,0,0,0,0,ikigai
2015,0,0,0,0,0,0,0,0,0,1,1,ikigai
2016,0,0,0,0,0,0,0,1,0,1,1,ikigai
2017,0,0,0,0,0,0,0,0,0,1,1,ikigai
2018,0,0,0,0,0,0,0,0,0,0,0,ikigai
2019,0,3,0,0,2,0,0,4,0,5,5,ikigai
2020,0,1,0,0,2,0,2,2,1,4,3,ikigai
2021,0,1,0,0,0,0,0,0,0,5,5,ikigai
2022,0,1,0,0,1,0,1,1,0,2,2,ikigai
2023,0,1,0,0,2,0,0,2,0,4,4,ikigai
2024,0,3,0,0,3,0,0,3,0,5,5,ikigai
2025,0,0,0,0,0,0,0,0,0,1,1,ikigai
2026,0,0,0,0,1,0,0,1,0,2,2,ikigai
2027,0,2,2,1,3,2,1,2,1,8,7,ikigai
2028,0,0,0,0,1,0,0,0,0,1,1,ikigai
2029,0,1,0,0,0,0,0,0,0,0,0,ikigai
2030,0,2,0,0,2,0,1,3,0,3,3,ikigai
2031,0,1,0,0,0,0,0,0,0,0,0,ikigai
2032,0,1,0,0,1,1,1,1,0,1,1,ikigai
2033,0,0,0,0,1,0,0,0,0,3,3,ikigai
2034,0,1,0,0,1,0,0,2,0,2,2,ikigai
2035,1,3,0,0,3,0,2,2,1,4,3,ikigai
2036,0,0,0,0,0,0,0,0,0,1,1,ikigai
2037,0,3,0,0,4,0,2,2,0,4,4,ikigai
2038,0,0,0,0,1,0,0,0,0,1,1,ikigai
2039,0,1,0,0,1,0,0,1,0,1,1,ikigai
2040,0,0,0,0,0,0,0,0,0,0,0,ikigai
2041,0,0,0,0,0,0,0,0,0,1,1,ikigai
2042,1,2,0,0,2,0,2,2,0,2,2,ikigai
2043,0,0,0,0,1,0,0,1,0,1,1,ikigai
2044,0,0,0,0,1,0,0,1,0,1,1,ikigai
2045,0,1,0,0,1,0,1,1,0,1,1,ikigai
2046,0,0,0,0,0,0,0,0,0,1,1,ikigai
2047,0,3,0,2,2,0,1,2,1,3,2,ikigai
2048,0,0,0,0,1,0,0,1,0,3,3,ikigai
2049,1,0,0,0,0,0,0,0,1,1,0,ikigai
2050,0,0,0,0,0,0,0,0,0,1,1,ikigai
2051,0,0,0,0,0,0,0,0,0,0,0,ikigai
2052,0,2,0,0,2,0,2,2,0,3,3,ikigai
2053,0,0,0,0,1,0,0,1,1,2,1,ikigai
2054,0,0,0,0,0,0,0,0,0,0,0,ikigai
2055,0,2,0,0,2,0,1,2,0,4,4,ikigai
2056,1,1,0,0,1,0,0,1,1,3,2,ikigai
2057,0,0,0,0,0,0,0,0,0,0,0,ikigai
2058,0,0,0,0,1,0,0,0,0,1,1,ikigai
2059,0,0,0,0,0,0,0,0,0,1,1,ikigai
2060,0,1,0,0,1,0,0,0,0,1,1,ikigai
2061,0,2,0,0,2,1,2,1,0,2,2,ikigai
2062,0,2,0,0,2,0,0,4,0,6,6,ikigai
2063,0,0,0,1,0,0,0,1,1,3,2,ikigai
2064,0,1,0,0,1,0,1,2,0,4,4,ikigai
2065,0,0,0,0,0,0,0,0,0,0,0,ikigai
2066,0,1,0,0,1,0,1,1,1,1,0,ikigai
2067,0,2,1,0,1,0,1,1,1,2,1,ikigai
2068,0,0,0,0,0,0,0,0,0,0,0,ikigai
2069,1,2,1,0,1,1,1,1,1,1,0,ikigai
2070,0,1,0,0,2,0,1,1,0,3,3,ikigai
2071,0,1,1,1,1,2,1,1,1,1,0,ikigai
2072,0,0,0,0,0,0,0,0,0,0,0,ikigai
2073,0,2,0,1,2,1,0,1,1,6,5,ikigai
2074,0,2,0,0,3,1,2,2,0,3,3,ikigai
2075,0,0,0,0,0,0,0,0,0,0,0,ikigai
2076,0,1,0,0,1,0,1,1,0,2,2,ikigai
2077,0,0,0,0,1,0,0,0,0,1,1,ikigai
2078,0,0,0,0,0,0,0,1,0,2,2,ikigai
2079,0,2,0,0,3,1,2,1,0,4,4,ikigai
2080,0,1,0,0,1,0,0,1,0,1,1,ikigai
2081,0,0,0,0,0,0,0,0,0,0,0,ikigai
2082,0,1,0,0,0,0,0,0,0,1,1,ikigai
2083,0,0,0,0,0,0,0,0,0,1,1,ikigai
2084,0,0,0,0,0,0,0,0,0,0,0,ikigai
2085,0,2,0,0,2,0,1,1,0,2,2,ikigai
2086,1,0,1,0,0,0,0,1,1,2,1,ikigai
2087,0,0,0,0,0,0,0,1,0,3,3,ikigai
2088,0,1,0,0,1,0,0,1,0,2,2,ikigai
2089,0,0,0,0,0,0,0,0,0,0,0,ikigai
2090,0,0,0,0,2,0,1,1,0,2,2,ikigai
2091,0,1,0,0,1,1,1,1,0,1,1,ikigai
2092,0,0,0,0,0,0,0,0,0,0,0,ikigai
2093,0,0,0,0,1,0,0,1,0,2,2,ikigai
2094,0,1,0,0,0,0,0,2,0,2,2,ikigai
2095,0,1,0,0,1,0,0,0,0,2,2,ikigai
2096,0,0,0,0,0,0,0,0,1,0,-1,ikigai
2097,0,0,0,0,0,0,0,1,0,1,1,ikigai
2098,0,0,0,0,0,0,0,1,0,2,2,ikigai
2099,0,2,0,0,3,0,2,3,0,4,4,ikigai
2100,0,1,0,0,1,0,0,0,0,1,1,ikigai
2101,0,1,0,1,1,0,1,2,0,1,1,ikigai
2102,0,1,0,0,3,0,1,1,0,3,3,ikigai
2103,0,2,0,0,1,0,0,2,0,3,3,ikigai
2104,0,0,0,0,1,0,0,2,0,4,4,ikigai
2105,0,1,0,0,1,0,1,1,0,1,1,ikigai
2106,0,0,0,0,1,0,0,2,0,2,2,ikigai
2107,0,0,0,0,0,0,0,0,0,0,0,ikigai
2108,0,0,0,0,0,0,0,0,0,1,1,ikigai
2109,0,0,0,0,0,0,0,0,0,0,0,ikigai
2110,0,1,0,0,1,0,1,1,0,1,1,ikigai
2111,1,2,0,0,2,0,2,3,0,4,4,ikigai
2112,0,0,0,0,1,0,0,1,0,1,1,ikigai
2113,1,3,1,0,1,1,1,2,1,2,1,ikigai
2114,0,2,0,0,2,1,2,2,0,2,2,ikigai
2115,0,0,0,0,1,0,0,0,0,1,1,ikigai
2116,0,0,0,0,2,0,0,2,0,2,2,ikigai
2117,0,0,0,0,2,0,0,1,0,3,3,ikigai
2118,0,0,0,0,0,0,0,0,0,0,0,ikigai
2119,0,0,0,0,0,0,0,0,0,1,1,ikigai
2120,0,0,0,0,0,0,0,0,0,0,0,ikigai
2121,0,1,0,0,1,0,0,1,0,1,1,ikigai
2122,0,1,0,0,1,1,1,1,0,1,1,ikigai
2123,0,0,0,0,0,0,0,0,0,1,1,ikigai
2124,0,0,0,1,0,0,0,0,0,1,1,ikigai
2125,0,0,0,0,0,0,0,0,0,0,0,ikigai
2126,0,1,0,0,1,0,1,1,0,1,1,ikigai
2127,0,1,0,0,0,0,0,0,1,1,0,ikigai
2128,0,0,0,0,0,0,0,0,0,0,0,ikigai
2129,0,0,0,0,0,0,0,0,0,0,0,ikigai
2130,0,0,0,0,0,0,0,0,0,0,0,ikigai
2131,0,0,0,0,0,0,0,0,0,2,2,ikigai
2132,0,0,0,0,1,0,0,1,1,3,2,ikigai
2133,0,1,0,0,1,0,1,1,0,1,1,ikigai
2134,0,0,0,0,1,0,0,0,0,1,1,ikigai
2135,0,1,0,0,1,0,1,1,0,1,1,ikigai
2136,0,1,0,0,1,0,0,1,0,1,1,ikigai
2137,0,0,0,0,0,0,0,0,1,0,-1,ikigai
2138,0,0,0,0,0,0,0,0,0,0,0,ikigai
2139,0,0,0,0,1,0,0,1,0,1,1,ikigai
2140,0,0,0,0,0,0,0,0,1,1,0,ikigai
2141,0,0,0,0,0,1,0,1,1,2,1,ikigai
2142,0,1,0,0,1,0,1,2,0,3,3,ikigai
2143,0,1,0,0,1,0,0,2,0,2,2,ikigai
2144,0,0,0,0,0,0,0,0,0,0,0,ikigai
2145,0,1,0,0,1,0,1,1,0,1,1,ikigai
2146,0,0,0,0,0,0,0,0,0,0,0,ikigai
2147,0,1,0,0,1,0,1,2,0,3,3,ikigai
2148,0,1,0,0,1,0,1,1,0,1,1,ikigai
2149,1,0,1,1,1,1,0,0,1,3,2,ikigai
2150,0,2,0,0,1,0,1,1,0,2,2,ikigai
2151,1,1,1,1,3,2,1,3,2,10,8,ikigai
2152,0,0,0,0,0,1,0,0,1,0,-1,ikigai
2153,2,2,1,2,2,1,2,4,1,5,4,ikigai
2154,0,0,0,0,0,0,0,0,0,0,0,ikigai
2155,0,0,0,0,0,0,0,0,0,2,2,ikigai
2156,0,0,0,0,1,0,0,0,0,1,1,ikigai
2157,0,0,0,0,0,1,0,0,0,2,2,ikigai
2158,0,0,0,0,3,0,0,2,0,3,3,ikigai
2159,0,0,0,0,0,0,0,0,0,0,0,ikigai
2160,0,0,0,0,0,0,0,0,0,1,1,ikigai
2161,1,0,1,0,0,0,0,1,1,1,0,ikigai
2162,0,0,0,0,2,0,0,1,0,3,3,ikigai
2163,0,1,0,1,2,0,1,1,0,2,2,ikigai
2164,0,2,0,0,1,0,0,1,0,2,2,ikigai
2165,0,1,0,0,1,0,0,1,0,1,1,ikigai
2166,0,0,0,0,0,0,0,0,0,1,1,ikigai
2167,0,0,0,0,0,0,0,0,0,1,1,ikigai
2168,0,0,0,0,1,0,0,0,0,1,1,ikigai
2169,0,0,0,0,0,0,0,0,0,1,1,ikigai
2170,0,1,0,0,1,0,1,3,0,4,4,ikigai
2171,0,0,0,0,0,0,0,0,0,2,2,ikigai
2172,0,0,0,0,0,0,0,0,0,0,0,ikigai
2173,0,0,0,0,0,0,0,0,1,0,-1,ikigai
2174,0,2,0,0,1,0,0,1,0,2,2,ikigai
2175,0,0,0,0,0,0,0,0,0,0,0,ikigai
2176,0,1,0,0,1,0,0,1,0,1,1,ikigai
2177,0,0,0,0,0,0,0,1,0,0,0,ikigai
2178,0,0,0,0,0,0,0,0,0,0,0,ikigai
2179,0,1,0,0,1,0,0,1,0,2,2,ikigai
2180,0,0,0,0,0,1,0,1,1,1,0,ikigai
2181,0,0,0,0,0,0,0,0,0,1,1,ikigai
2182,0,1,0,0,1,0,1,2,0,2,2,ikigai
2183,0,0,0,0,0,0,0,0,0,0,0,ikigai
2184,0,0,0,0,0,0,0,0,0,0,0,ikigai
2185,0,1,0,0,2,0,0,2,0,2,2,ikigai
2186,1,3,1,1,2,1,1,2,1,2,1,ikigai
2187,0,0,0,0,0,0,0,0,0,0,0,ikigai
2188,0,2,0,0,1,0,1,0,1,1,0,ikigai
2189,0,3,0,0,4,0,2,3,0,5,5,ikigai
2190,0,1,0,0,1,0,1,0,0,1,1,ikigai
2191,0,0,0,0,0,0,0,0,0,1,1,ikigai
2192,0,1,0,0,1,0,0,1,0,1,1,ikigai
2193,1,0,1,1,0,0,0,0,1,0,-1,ikigai
2194,0,1,0,0,1,0,0,1,0,1,1,ikigai
2195,0,0,0,0,1,0,1,1,0,1,1,ikigai
2196,0,1,0,0,0,0,0,0,0,0,0,ikigai
2197,0,0,0,0,0,0,0,0,0,0,0,ikigai
2198,0,1,0,0,1,1,1,1,1,2,1,ikigai
2199,0,0,0,0,1,0,0,1,0,1,1,ikigai
2200,0,0,0,0,0,0,0,0,0,0,0,ikigai
2201,0,1,0,0,1,0,1,1,0,1,1,ikigai
2202,0,0,0,0,0,0,0,0,0,1,1,ikigai
2203,0,0,0,0,0,0,0,0,1,0,-1,ikigai
2204,0,0,0,0,0,0,0,0,0,0,0,ikigai
2205,0,0,0,0,0,0,0,0,0,1,1,ikigai
2206,0,0,0,0,0,0,0,0,0,0,0,ikigai
2207,0,2,0,0,1,0,1,2,0,1,1,ikigai
2208,0,1,0,0,0,0,0,0,0,2,2,ikigai
2209,0,0,0,0,0,0,0,0,0,0,0,ikigai
2210,0,0,0,0,1,0,0,1,0,1,1,ikigai
2211,0,0,0,0,0,0,0,0,0,0,0,ikigai
2212,0,0,0,0,0,0,0,1,0,1,1,ikigai
2213,0,0,0,0,0,0,0,0,0,0,0,ikigai
2214,0,1,0,0,1,0,1,1,0,2,2,ikigai
2215,0,1,0,0,1,0,1,1,0,1,1,ikigai
2216,0,0,0,0,0,0,0,0,0,1,1,ikigai
2217,0,0,0,0,0,0,0,0,0,0,0,ikigai
2218,0,0,0,0,0,0,0,0,0,0,0,ikigai
2219,0,0,0,0,0,0,0,1,0,2,2,ikigai
2220,0,0,0,0,0,0,0,0,0,0,0,ikigai
2221,0,0,0,0,0,0,0,0,0,0,0,ikigai
2222,0,0,0,0,0,0,0,0,0,1,1,ikigai
2223,0,0,0,0,0,0,0,0,0,0,0,ikigai
2224,0,0,0,0,0,0,0,0,0,0,0,ikigai
2225,0,1,0,0,1,0,0,1,0,1,1,ikigai
2226,0,0,0,0,0,0,0,0,0,1,1,ikigai
2227,0,0,0,0,1,0,0,1,0,1,1,ikigai
2228,0,0,0,0,0,0,0,0,0,0,0,ikigai
2229,1,2,1,0,1,1,1,1,1,1,0,ikigai
2230,0,0,0,0,0,0,0,0,0,0,0,ikigai
2231,0,0,0,0,0,0,0,0,0,0,0,ikigai
2232,0,0,0,0,0,0,0,0,0,1,1,ikigai
2233,0,1,0,0,1,1,1,1,0,1,1,ikigai
2234,0,0,0,0,0,0,0,0,0,0,0,ikigai
2235,0,0,0,0,0,0,0,0,0,0,0,ikigai
2236,0,0,0,0,0,0,0,0,0,0,0,ikigai
2237,0,0,0,0,0,0,0,0,0,0,0,ikigai
2238,1,1,1,0,1,0,1,1,1,1,0,ikigai
2239,0,1,0,0,1,0,1,1,0,1,1,ikigai
2240,0,1,0,0,1,0,1,1,0,2,2,ikigai
2241,0,0,0,0,0,0,0,0,0,0,0,ikigai
2242,0,0,0,0,0,0,0,0,0,0,0,ikigai
2243,0,0,0,0,1,0,0,0,0,1,1,ikigai
2244,0,1,0,0,1,0,0,1,0,1,1,ikigai
2245,0,1,0,0,1,0,1,1,0,1,1,ikigai
2246,0,1,0,0,1,2,1,1,2,3,1,ikigai
2247,3,6,3,3,5,4,3,9,8,13,5,ikigai
2248,1,3,0,1,2,1,1,2,2,4,2,ikigai
2249,0,2,0,1,3,0,1,2,1,7,6,ikigai
2250,1,4,1,0,1,0,0,2,1,1,0,ikigai
2251,0,0,1,1,0,1,0,0,1,0,-1,ikigai
2252,0,1,0,0,1,0,1,2,0,5,5,ikigai
2253,1,1,0,0,0,1,0,2,1,4,3,ikigai
2254,1,0,1,1,1,1,0,2,0,2,2,ikigai
2255,0,7,0,4,5,2,3,8,6,16,10,ikigai
2256,0,0,0,0,0,0,0,0,0,0,0,ikigai
2257,0,4,0,0,4,2,2,5,1,7,6,ikigai
2258,0,0,0,0,0,0,0,0,0,0,0,ikigai
2259,1,3,2,1,2,1,2,4,2,5,3,ikigai
2260,0,0,0,0,0,0,0,1,0,3,3,ikigai
2261,0,8,1,0,6,2,0,7,3,16,13,ikigai
2262,0,1,0,0,1,0,1,1,0,2,2,ikigai
2263,0,0,0,0,0,0,0,0,0,1,1,ikigai
2264,1,1,1,1,0,1,0,2,1,0,-1,ikigai
2265,0,4,0,0,3,0,1,3,0,5,5,ikigai
2266,0,0,0,0,2,0,1,1,0,2,2,ikigai
2267,0,2,1,3,0,1,1,0,2,1,-1,ikigai
2268,0,1,0,1,1,1,1,3,2,4,2,ikigai
2269,0,0,0,1,0,1,0,0,1,0,-1,ikigai
2270,2,0,1,1,1,1,0,3,3,6,3,ikigai
2271,0,0,0,0,0,0,0,0,0,0,0,ikigai
2272,0,2,0,0,1,0,1,1,1,1,0,ikigai
2273,0,1,0,0,3,0,2,2,0,5,5,ikigai
2274,1,1,0,1,1,1,1,2,2,2,0,ikigai
2275,0,3,0,0,3,0,2,3,0,5,5,ikigai
2276,0,0,0,0,0,0,0,0,0,0,0,ikigai
2277,0,0,0,1,0,1,0,0,1,0,-1,ikigai
2278,0,0,1,0,1,1,0,1,0,6,6,ikigai
2279,0,1,0,0,2,0,1,1,0,4,4,ikigai
2280,0,2,0,0,0,0,0,2,0,2,2,ikigai
2281,0,0,0,1,0,1,0,0,1,0,-1,ikigai
2282,0,0,0,0,0,0,0,0,0,0,0,ikigai
2283,0,1,0,0,0,0,0,0,0,0,0,ikigai
2284,0,0,0,0,0,0,0,1,0,2,2,ikigai
2285,0,1,0,0,1,0,1,2,0,2,2,ikigai
2286,0,0,0,0,0,0,0,0,0,0,0,ikigai
2287,0,0,0,0,0,0,0,1,0,1,1,ikigai
2288,0,0,0,0,0,0,0,0,0,0,0,ikigai
2289,0,1,0,0,1,0,1,1,0,1,1,ikigai
2290,0,0,0,0,0,0,0,0,0,0,0,ikigai
2291,0,0,0,0,0,0,0,0,0,1,1,ikigai
2292,0,0,0,1,0,1,0,0,1,0,-1,ikigai
2293,0,0,0,0,0,0,0,0,0,1,1,ikigai
2294,0,1,0,0,2,0,2,3,0,4,4,ikigai
2295,0,2,0,0,1,0,1,2,0,2,2,ikigai
2296,0,0,0,0,0,0,0,0,0,0,0,ikigai
2297,0,0,0,0,0,0,0,0,0,0,0,ikigai
2298,0,1,0,0,1,0,1,1,0,1,1,ikigai
2299,0,0,0,1,0,1,0,0,1,0,-1,ikigai
2300,0,0,0,0,1,0,0,0,0,1,1,ikigai
2301,0,1,0,1,0,1,0,0,1,0,-1,ikigai
2302,0,1,0,2,2,0,0,0,0,4,4,ikigai
2303,0,0,0,0,0,0,0,0,0,0,0,ikigai
2304,0,0,0,1,0,0,0,0,1,0,-1,ikigai
2305,0,1,0,0,1,0,1,1,1,1,0,ikigai
2306,0,0,0,0,0,0,0,0,0,1,1,ikigai
2307,0,0,1,1,0,1,1,0,1,0,-1,ikigai
2308,0,0,0,0,2,0,0,1,0,2,2,ikigai
2309,1,1,1,0,1,1,1,1,1,3,2,ikigai
2310,0,1,0,0,1,0,0,0,0,1,1,ikigai
2311,0,0,0,0,0,0,0,0,0,0,0,ikigai
2312,0,0,0,0,0,1,0,0,2,0,-2,ikigai
2313,0,2,0,0,1,0,0,1,0,1,1,ikigai
2314,0,1,0,0,1,0,1,1,0,1,1,ikigai
2315,0,0,0,0,0,0,0,0,0,0,0,ikigai
2316,0,1,0,0,1,0,1,1,0,1,1,ikigai
2317,0,0,0,0,1,0,0,1,0,1,1,ikigai
2318,0,1,0,0,1,0,0,1,0,2,2,ikigai
2319,0,1,0,0,1,0,1,1,0,1,1,ikigai
2320,0,0,0,0,0,0,0,0,0,0,0,ikigai
2321,0,0,0,0,0,0,0,0,0,1,1,ikigai
2322,1,0,1,0,0,1,0,0,1,0,-1,ikigai
2323,0,0,0,0,0,0,0,0,0,0,0,ikigai
2324,0,0,0,0,0,0,0,1,0,1,1,ikigai
2325,0,0,1,1,1,0,0,1,0,2,2,ikigai
2326,0,0,0,0,0,0,0,0,0,0,0,ikigai
2327,0,0,0,0,0,0,0,0,0,0,0,ikigai
2328,0,0,0,0,0,0,1,0,0,1,1,ikigai
2329,0,1,0,0,1,0,1,1,0,3,3,ikigai
2330,0,1,0,0,1,0,0,3,0,4,4,ikigai
2331,0,0,0,0,1,0,0,1,0,1,1,ikigai
2332,3,5,3,1,4,3,2,11,4,14,10,ikigai
2333,0,0,1,0,0,1,0,1,0,5,5,ikigai
2334,0,0,0,0,0,0,0,0,0,0,0,ikigai
2335,0,2,0,0,3,0,1,4,0,10,10,ikigai
2336,0,1,0,0,1,0,0,0,0,1,1,ikigai
2337,0,1,1,1,2,1,1,2,1,2,1,ikigai
2338,1,0,0,1,0,0,0,0,3,1,-2,ikigai
2339,0,1,0,1,0,0,0,0,1,0,-1,ikigai
2340,0,1,0,0,3,0,1,3,0,3,3,ikigai
2341,0,2,0,0,3,1,1,2,1,5,4,ikigai
2342,0,0,0,0,0,0,0,0,0,2,2,ikigai
2343,0,4,0,2,7,2,2,9,2,16,14,ikigai
2344,0,0,0,0,0,0,0,1,0,2,2,ikigai
2345,0,0,0,0,0,0,0,0,0,0,0,ikigai
2346,1,1,1,0,1,0,0,1,1,2,1,ikigai
2347,0,2,0,0,2,1,2,5,0,6,6,ikigai
2348,0,0,0,0,0,0,0,0,0,0,0,ikigai
2349,0,3,0,1,5,0,1,3,1,6,5,ikigai
2350,0,0,0,0,0,1,0,1,1,2,1,ikigai
2351,0,0,0,0,1,0,0,1,1,1,0,ikigai
2352,2,10,0,1,11,1,4,14,3,26,23,ikigai
2353,0,0,0,0,0,0,0,0,0,1,1,ikigai
2354,0,0,0,0,1,0,0,0,0,1,1,ikigai
2355,0,0,0,0,2,0,0,2,1,3,2,ikigai
2356,0,1,0,0,0,0,0,0,0,1,1,ikigai
2357,0,0,0,0,0,0,0,0,0,3,3,ikigai
2358,1,0,0,1,1,1,0,2,1,4,3,ikigai
2359,0,0,0,0,0,0,0,0,0,0,0,ikigai
2360,0,0,0,0,0,0,0,0,0,0,0,ikigai
2361,0,3,0,0,2,1,1,1,0,3,3,ikigai
2362,0,1,0,0,1,0,0,1,0,1,1,ikigai
2363,0,0,0,0,1,0,0,0,0,1,1,ikigai
2364,0,0,0,0,0,0,0,0,0,1,1,ikigai
2365,0,0,0,0,0,0,0,1,0,2,2,ikigai
2366,0,0,0,0,2,0,1,2,0,6,6,ikigai
2367,1,3,0,0,2,0,1,5,2,5,3,ikigai
2368,0,0,0,0,0,0,0,0,0,0,0,ikigai
2369,0,0,0,0,0,0,0,0,0,1,1,ikigai
2370,0,1,0,0,2,1,0,4,2,7,5,ikigai
2371,0,0,0,0,0,0,0,0,0,0,0,ikigai
2372,0,2,0,0,2,0,1,2,0,2,2,ikigai
2373,0,1,0,0,1,0,1,4,0,5,5,ikigai
2374,0,0,0,0,1,0,0,0,0,1,1,ikigai
2375,0,0,0,0,0,0,0,0,0,0,0,ikigai
2376,1,1,1,1,2,2,1,4,1,8,7,ikigai
2377,0,3,0,0,4,0,3,2,0,4,4,ikigai
2378,0,0,0,0,0,0,0,0,0,0,0,ikigai
2379,0,0,0,0,0,0,0,0,0,1,1,ikigai
2380,0,0,0,0,0,0,0,0,0,0,0,ikigai
2381,0,1,0,0,1,1,1,1,0,1,1,ikigai
2382,0,0,0,0,0,0,0,0,0,0,0,ikigai
2383,0,2,0,0,1,1,0,3,1,4,3,ikigai
2384,0,0,0,1,0,0,0,2,0,0,0,ikigai
2385,0,2,0,0,1,0,1,0,0,2,2,ikigai
2386,3,4,1,3,7,4,0,7,4,20,16,ikigai
2387,0,0,0,0,0,0,0,2,1,5,4,ikigai
2388,0,0,0,2,2,2,0,3,2,5,3,ikigai
2389,0,0,0,0,0,0,0,0,0,0,0,ikigai
2390,0,2,0,1,1,0,1,2,0,4,4,ikigai
2391,1,0,1,1,1,1,0,1,1,4,3,ikigai
2392,1,2,0,1,2,0,0,4,1,10,9,ikigai
2393,1,1,1,0,1,1,1,2,2,4,2,ikigai
2394,1,0,0,1,0,1,0,2,1,2,1,ikigai
2395,0,2,0,1,1,0,0,1,0,3,3,ikigai
2396,0,2,0,0,1,0,1,4,2,7,5,ikigai
2397,0,3,0,0,2,0,1,3,1,4,3,ikigai
2398,0,2,0,0,2,0,1,1,0,4,4,ikigai
2399,0,1,1,0,2,1,0,2,3,8,5,ikigai
2400,0,1,0,0,1,0,1,2,0,3,3,ikigai
2401,0,2,0,0,5,0,1,4,0,6,6,ikigai
2402,1,5,1,2,5,2,0,2,2,7,5,ikigai
2403,1,0,1,1,0,0,0,0,2,0,-2,ikigai
2404,0,1,0,0,2,0,1,4,0,5,5,ikigai
2405,0,1,0,0,2,0,2,2,0,6,6,ikigai
2406,0,2,0,0,3,0,1,3,0,7,7,ikigai
2407,0,0,0,0,1,0,0,4,0,5,5,ikigai
2408,0,0,0,0,0,0,0,0,1,0,-1,ikigai
2409,0,2,0,0,2,1,3,4,1,4,3,ikigai
2410,0,2,0,0,3,0,1,2,0,5,5,ikigai
2411,0,1,0,0,1,0,1,1,0,2,2,ikigai
2412,1,2,1,1,1,2,1,3,2,3,1,ikigai
2413,0,1,0,0,1,0,1,1,0,2,2,ikigai
2414,1,1,1,1,1,1,2,2,1,2,1,ikigai
2415,0,1,0,0,4,0,1,3,0,6,6,ikigai
2416,1,0,1,1,0,1,0,0,1,0,-1,ikigai
2417,0,1,0,0,1,0,0,2,0,5,5,ikigai
2418,0,0,0,0,0,0,0,1,0,0,0,ikigai
2419,0,0,0,0,0,0,0,0,0,1,1,ikigai
2420,0,0,0,0,1,0,0,1,0,1,1,ikigai
2421,0,1,0,0,1,0,1,1,0,3,3,ikigai
2422,1,0,1,0,0,0,0,1,1,1,0,ikigai
2423,0,0,0,0,0,0,0,0,0,1,1,ikigai
2424,0,1,1,0,1,0,0,4,2,6,4,ikigai
2425,0,0,0,0,1,0,0,1,0,2,2,ikigai
2426,0,2,0,1,2,0,1,1,0,3,3,ikigai
2427,0,0,0,0,0,0,0,3,0,5,5,ikigai
2428,0,0,0,0,0,0,0,0,0,2,2,ikigai
2429,0,0,0,0,0,0,0,2,0,4,4,ikigai
2430,0,1,0,0,1,0,1,1,1,2,1,ikigai
2431,0,0,0,0,0,0,0,0,0,1,1,ikigai
2432,1,3,0,1,0,1,1,1,1,0,-1,ikigai
2433,0,1,0,0,1,0,1,1,0,2,2,ikigai
2434,0,1,0,0,0,1,0,0,0,1,1,ikigai
2435,0,0,1,0,0,0,0,0,1,1,0,ikigai
2436,0,0,0,0,0,0,0,1,0,5,5,ikigai
2437,0,0,0,0,0,0,0,0,0,2,2,ikigai
2438,0,0,0,0,0,0,0,1,0,0,0,ikigai
2439,1,0,0,0,1,0,0,1,1,2,1,ikigai
2440,0,0,0,0,0,1,0,0,1,0,-1,ikigai
2441,0,3,0,0,2,0,1,2,0,4,4,ikigai
2442,0,2,0,0,2,0,1,2,0,2,2,ikigai
2443,0,0,0,0,0,0,0,1,0,2,2,ikigai
2444,0,0,0,0,0,0,0,0,0,0,0,ikigai
2445,0,1,0,0,0,0,0,0,0,2,2,ikigai
2446,1,0,1,1,0,1,0,1,1,2,1,ikigai
2447,0,0,0,0,0,0,0,0,0,0,0,ikigai
2448,0,1,0,0,2,0,0,1,0,4,4,ikigai
2449,0,1,0,0,1,0,0,1,0,1,1,ikigai
2450,0,1,0,0,1,0,1,1,0,3,3,ikigai
2451,0,0,0,0,0,0,0,0,0,0,0,ikigai
2452,0,1,0,0,1,0,0,1,0,2,2,ikigai
2453,0,0,1,0,0,0,0,0,1,0,-1,ikigai
2454,0,1,0,1,2,0,1,3,0,4,4,ikigai
2455,0,5,0,1,6,0,1,4,0,6,6,ikigai
2456,1,0,0,0,0,0,0,0,0,0,0,ikigai
2457,0,1,1,0,0,0,0,0,1,0,-1,ikigai
2458,0,1,0,0,1,0,0,3,0,4,4,ikigai
2459,0,1,0,1,1,0,0,0,0,1,1,ikigai
2460,0,0,0,0,1,0,1,1,0,2,2,ikigai
2461,0,2,0,0,2,0,1,2,0,2,2,ikigai
2462,0,0,0,0,0,0,0,0,0,1,1,ikigai
2463,0,1,0,0,1,1,0,1,0,2,2,ikigai
2464,0,1,0,0,2,1,3,3,1,2,1,ikigai
2465,0,0,0,0,0,0,0,0,0,1,1,ikigai
2466,0,1,0,0,1,0,0,1,0,2,2,ikigai
2467,0,0,0,0,0,1,0,0,2,1,-1,ikigai
2468,0,1,0,0,1,0,2,1,0,4,4,ikigai
2469,0,1,0,0,0,0,0,1,0,2,2,ikigai
2470,0,1,0,0,2,0,1,2,0,3,3,ikigai
2471,0,1,0,0,1,0,1,1,0,1,1,ikigai
2472,0,0,0,0,0,0,0,0,0,1,1,ikigai
2473,0,0,0,0,0,0,0,0,0,0,0,ikigai
2474,0,0,0,0,0,0,0,0,0,1,1,ikigai
2475,1,2,1,1,2,0,1,2,0,3,3,ikigai
2476,1,1,0,0,1,0,1,1,1,2,1,ikigai
2477,1,1,1,0,1,0,1,1,2,1,-1,ikigai
2478,0,2,0,0,2,0,2,1,0,3,3,ikigai
2479,0,1,0,0,3,0,1,3,0,5,5,ikigai
2480,0,2,0,0,2,0,1,2,0,2,2,ikigai
2481,2,3,0,2,2,1,0,2,2,2,0,ikigai
2482,0,5,0,0,4,1,2,4,2,5,3,ikigai
2483,0,1,0,0,0,0,1,4,0,5,5,ikigai
2484,0,1,0,0,1,1,0,0,0,2,2,ikigai
2485,0,0,0,0,1,0,0,1,0,3,3,ikigai
2486,0,1,0,0,2,0,1,2,0,2,2,ikigai
2487,0,0,0,0,0,0,0,0,0,0,0,ikigai
2488,0,0,0,0,1,0,0,0,0,1,1,ikigai
2489,0,6,0,0,5,0,2,5,1,7,6,ikigai
2490,0,1,0,0,1,1,1,1,1,1,0,ikigai
2491,0,1,0,0,1,0,1,1,0,1,1,ikigai
2492,1,1,1,0,0,0,0,0,1,0,-1,ikigai
2493,0,0,0,0,0,0,0,0,0,0,0,ikigai
2494,0,0,0,0,0,0,0,0,0,1,1,ikigai
2495,0,0,0,0,0,1,0,1,0,1,1,ikigai
